matchID,team1_ID,team2_ID,date,tournament,winner,avg_gk_saves_T1,avg_red_card_T1,avg_yellow_card_T1,avg_assists_T1,avg_shots_T1,avg_shots_against_T1,avg_shots_on_target_T1,avg_passes_T1,avg_goals_T1,avg_goals_against_T1,avg_ball_possession_T1,avg_pass_acc_T1,avg_gk_acc_T1,avg_shot_acc_T1,avg_gk_saves_T2,avg_red_card_T2,avg_yellow_card_T2,avg_assists_T2,avg_shots_T2,avg_shots_against_T2,avg_shots_on_target_T2,avg_passes_T2,avg_goals_T2,avg_goals_against_T2,avg_ball_possession_T2,avg_pass_acc_T2,avg_gk_acc_T2,avg_shot_acc_T2
2516932,2443,2451,"February 11, 2018 at 6:00:00 PM GMT+1",Germany,1,4.333333333333333,0.0,1.6666666666666667,0.6666666666666666,9.0,13.666666666666666,4.0,269.3333333333333,1.0,1.0,0.34936728439143555,0.7672722718726472,0.8492063492063492,0.4444444444444444,4.333333333333333,0.0,1.0,0.6666666666666666,8.333333333333334,13.666666666666666,3.3333333333333335,354.0,1.0,0.3333333333333333,0.5157054956546218,0.8227978064071432,0.9583333333333334,0.41785714285714287
2516950,2443,2450,"February 24, 2018 at 6:30:00 PM GMT+1",Germany,1,4.0,0.0,1.3333333333333333,1.3333333333333333,10.666666666666666,14.0,3.6666666666666665,251.33333333333334,1.3333333333333333,1.0,0.33610443820400554,0.7743405066355343,0.8380952380952381,0.3226495726495726,2.3333333333333335,0.3333333333333333,2.6666666666666665,0.6666666666666666,8.666666666666666,12.666666666666666,2.6666666666666665,249.0,1.3333333333333333,2.0,0.35184909503623074,0.7644705353417706,0.5111111111111112,0.29383116883116883
2516968,2443,2463,"March 12, 2018 at 8:30:00 PM GMT+1",Germany,1,2.6666666666666665,0.0,1.3333333333333333,1.3333333333333333,13.333333333333334,9.333333333333334,4.666666666666667,333.3333333333333,1.6666666666666667,0.3333333333333333,0.4921664941479895,0.8034631813464443,0.9333333333333332,0.35042735042735035,3.3333333333333335,0.0,1.6666666666666667,1.3333333333333333,9.666666666666666,12.666666666666666,3.6666666666666665,288.0,2.0,1.6666666666666667,0.44668464298551447,0.7673325312884938,0.6851851851851851,0.3796296296296296
2516841,2443,2455,"November 19, 2017 at 6:00:00 PM GMT+1",Germany,1,2.0,0.0,0.6666666666666666,2.0,11.666666666666666,8.333333333333334,4.666666666666667,337.3333333333333,2.3333333333333335,0.6666666666666666,0.4937498752012311,0.8210836103197213,0.7666666666666666,0.40598290598290604,6.0,0.0,1.6666666666666667,0.6666666666666666,8.666666666666666,20.333333333333332,3.0,287.0,0.6666666666666666,1.6666666666666667,0.4374340921178623,0.766845958609918,0.7724867724867724,0.3249158249158249
2516806,2443,2454,"October 15, 2017 at 6:00:00 PM GMT+2",Germany,0,3.0,0.0,0.3333333333333333,2.3333333333333335,12.333333333333334,8.0,5.0,382.0,2.6666666666666665,0.3333333333333333,0.5383634746442573,0.8344845887898463,0.8333333333333334,0.41111111111111115,5.666666666666667,0.0,1.6666666666666667,0.3333333333333333,8.0,16.666666666666668,3.0,370.0,1.6666666666666667,2.0,0.46005235929936344,0.8493299889987204,0.7380952380952381,0.375
2516823,2443,2481,"October 29, 2017 at 3:30:00 PM GMT+1",Germany,0,4.666666666666667,0.0,0.3333333333333333,2.3333333333333335,13.666666666666666,10.666666666666666,5.333333333333333,357.6666666666667,2.3333333333333335,1.0,0.4528423093188227,0.8272316357503763,0.75,0.4041666666666666,2.3333333333333335,0.0,2.3333333333333335,1.0,9.333333333333334,14.333333333333334,4.666666666666667,233.66666666666666,1.0,2.0,0.3543583985104361,0.7493740202680081,0.5111111111111112,0.4791666666666667
2516770,2443,2449,"September 16, 2017 at 3:30:00 PM GMT+2",Germany,0,5.333333333333333,0.0,1.0,1.3333333333333333,14.333333333333334,13.333333333333334,4.333333333333333,399.6666666666667,1.3333333333333333,1.6666666666666667,0.528707050986673,0.8447879309509023,0.75,0.29305555555555557,2.0,0.0,2.0,1.0,10.0,9.0,4.666666666666667,365.3333333333333,1.6666666666666667,0.3333333333333333,0.4819257572983302,0.8401873513900329,0.6,0.47222222222222215
2516874,2444,2463,"December 13, 2017 at 8:30:00 PM GMT+1",Germany,1,2.0,0.0,1.0,3.0,14.333333333333334,11.333333333333334,7.666666666666667,549.6666666666666,4.0,1.0,0.6189454347024275,0.8922291276105746,0.5,0.5367439577965893,5.666666666666667,0.0,3.0,1.0,12.333333333333334,15.333333333333334,2.0,391.3333333333333,1.0,2.0,0.49814529593628015,0.8419406981906983,0.736111111111111,0.16239316239316234
2516856,2444,2455,"December 2, 2017 at 3:30:00 PM GMT+1",Germany,1,2.3333333333333335,0.0,0.3333333333333333,2.3333333333333335,16.333333333333332,12.333333333333334,7.0,560.6666666666666,2.6666666666666665,0.6666666666666666,0.6706684448203161,0.8797842297008209,0.8333333333333334,0.4679720279720279,4.666666666666667,0.0,3.0,0.6666666666666666,12.333333333333334,14.333333333333334,4.0,290.3333333333333,1.0,2.0,0.4460101321760542,0.8028302836665206,0.7222222222222222,0.3247863247863248
2516901,2444,2443,"January 21, 2018 at 3:30:00 PM GMT+1",Germany,1,2.0,0.0,1.3333333333333333,1.0,23.0,7.666666666666667,8.333333333333334,618.3333333333334,2.0,0.6666666666666666,0.7424603324388772,0.8817442032502933,0.8055555555555555,0.36390405293631095,4.0,0.0,1.0,0.6666666666666666,9.0,11.0,4.333333333333333,406.3333333333333,1.3333333333333333,1.0,0.49686244686015457,0.8240141165638292,0.7746031746031745,0.48148148148148145
2516910,2444,2482,"January 27, 2018 at 3:30:00 PM GMT+1",Germany,1,2.6666666666666665,0.0,1.3333333333333333,2.0,20.0,8.666666666666666,8.0,556.3333333333334,3.0,1.3333333333333333,0.6714319972520789,0.8823436529358278,0.6722222222222222,0.40307071960297763,3.0,0.0,2.3333333333333335,1.3333333333333333,11.666666666666666,12.666666666666666,5.666666666666667,442.6666666666667,2.0,2.0,0.5520021697152171,0.8412146642695757,0.5277777777777778,0.48504273504273504
2516964,2444,2450,"March 10, 2018 at 3:30:00 PM GMT+1",Germany,1,2.6666666666666665,0.0,0.6666666666666666,3.3333333333333335,16.666666666666668,8.0,6.666666666666667,503.6666666666667,3.6666666666666665,1.6666666666666667,0.618664009285118,0.867658267297601,0.6222222222222222,0.4010225885225885,3.3333333333333335,0.0,1.0,0.0,7.0,11.666666666666666,2.6666666666666665,262.0,0.0,1.3333333333333333,0.4017098692512149,0.7495211912943871,0.6555555555555556,0.3365079365079365
2516982,2444,2447,"March 31, 2018 at 6:30:00 PM GMT+2",Germany,1,2.0,0.0,0.3333333333333333,3.6666666666666665,18.333333333333332,5.666666666666667,7.666666666666667,548.0,5.0,1.3333333333333333,0.6977578800840579,0.8832209650683783,0.4000000000000001,0.42096560846560843,5.0,0.0,1.3333333333333333,1.6666666666666667,13.0,18.333333333333332,5.0,413.3333333333333,2.0,0.6666666666666666,0.5221370983972236,0.8391910454785069,0.8666666666666667,0.3625
2517036,2444,2445,"May 12, 2018 at 3:30:00 PM GMT+2",Germany,0,2.0,0.0,0.6666666666666666,4.0,18.0,5.333333333333333,8.0,559.0,5.666666666666667,0.6666666666666666,0.6778175000621361,0.8808428492326014,0.5333333333333333,0.45291005291005293,3.6666666666666665,0.0,2.6666666666666665,1.3333333333333333,8.666666666666666,12.666666666666666,4.666666666666667,375.0,2.3333333333333335,2.0,0.47126841058419117,0.8170321687377439,0.5757575757575758,0.5416666666666666
2516838,2444,2481,"November 18, 2017 at 3:30:00 PM GMT+1",Germany,1,2.0,0.0,1.0,2.3333333333333335,16.0,5.666666666666667,7.666666666666667,633.0,4.333333333333333,1.3333333333333333,0.7622756570459988,0.8943906709853288,0.4761904761904761,0.48148148148148145,3.0,0.0,1.6666666666666667,1.0,12.333333333333334,14.666666666666666,4.666666666666667,297.0,1.0,1.6666666666666667,0.4761175020376813,0.7865038041602644,0.6,0.4129901960784314
2516802,2444,2453,"October 14, 2017 at 3:30:00 PM GMT+2",Germany,1,3.0,0.0,0.6666666666666666,2.6666666666666665,15.0,8.0,6.666666666666667,644.3333333333334,3.3333333333333335,1.3333333333333333,0.7558922231693034,0.8973834258821202,0.8095238095238094,0.4444444444444444,4.0,0.3333333333333333,2.3333333333333335,0.3333333333333333,12.333333333333334,15.666666666666666,4.0,369.6666666666667,0.6666666666666666,2.6666666666666665,0.4706362496883276,0.8339082530863352,0.5952380952380952,0.2818181818181818
2516820,2444,2975,"October 28, 2017 at 6:30:00 PM GMT+2",Germany,1,2.6666666666666665,0.0,0.3333333333333333,1.6666666666666667,16.333333333333332,7.0,6.666666666666667,659.3333333333334,3.0,1.3333333333333333,0.7916084282497377,0.8983274663754316,0.8095238095238094,0.40701754385964906,4.333333333333333,0.3333333333333333,2.6666666666666665,2.0,15.0,12.666666666666666,8.666666666666666,292.3333333333333,3.6666666666666665,1.6666666666666667,0.45131468575983663,0.8137451737451737,0.6944444444444445,0.680926916221034
2516766,2444,2460,"September 16, 2017 at 3:30:00 PM GMT+2",Germany,1,2.0,0.0,0.3333333333333333,2.3333333333333335,18.666666666666668,5.666666666666667,6.333333333333333,658.6666666666666,3.3333333333333335,0.0,0.7676960370106137,0.9022056356156819,1.0,0.34237107921318444,3.0,0.0,1.6666666666666667,0.6666666666666666,8.333333333333334,12.666666666666666,3.3333333333333335,270.6666666666667,1.0,1.6666666666666667,0.40385878751151916,0.7868411886258366,0.6444444444444444,0.5166666666666667
2516873,2445,2446,"December 8, 2017 at 8:30:00 PM GMT+1",Germany,0,5.0,0.0,1.6666666666666667,1.0,12.0,11.666666666666666,3.6666666666666665,301.0,1.0,0.3333333333333333,0.45891101217733793,0.8073882982419568,0.9523809523809524,0.3333333333333333,4.333333333333333,0.0,0.6666666666666666,1.3333333333333333,14.0,15.666666666666666,4.666666666666667,384.6666666666667,1.6666666666666667,2.6666666666666665,0.5367676870570934,0.8416550189099209,0.6435185185185185,0.3572649572649573
2516936,2445,2454,"February 11, 2018 at 3:30:00 PM GMT+1",Germany,1,4.333333333333333,0.0,1.6666666666666667,0.3333333333333333,12.0,14.333333333333334,3.6666666666666665,373.0,0.3333333333333333,1.0,0.5219370298404481,0.8350423360843243,0.7301587301587301,0.3333333333333333,4.333333333333333,0.0,1.6666666666666667,0.0,9.0,18.333333333333332,5.0,401.0,0.3333333333333333,3.0,0.4782355484462369,0.8599029662570982,0.6151515151515151,0.5016339869281046
2516954,2445,2462,"February 24, 2018 at 3:30:00 PM GMT+1",Germany,1,3.6666666666666665,0.0,1.3333333333333333,0.3333333333333333,8.333333333333334,14.0,3.0,326.3333333333333,0.3333333333333333,1.0,0.43608739236416616,0.8106554910453054,0.7301587301587302,0.3544973544973545,4.0,0.0,2.3333333333333335,1.0,9.0,13.666666666666666,4.333333333333333,260.6666666666667,1.6666666666666667,2.0,0.3844309161933517,0.7707505091859992,0.6666666666666666,0.5047619047619047
2516900,2445,2457,"January 13, 2018 at 3:30:00 PM GMT+1",Germany,1,1.6666666666666667,0.0,1.3333333333333333,0.3333333333333333,9.333333333333334,11.666666666666666,4.0,308.3333333333333,0.6666666666666666,0.6666666666666666,0.41446360687863176,0.7880308708597097,0.4444444444444444,0.4193121693121693,6.666666666666667,0.3333333333333333,2.0,1.6666666666666667,7.666666666666667,16.333333333333332,4.333333333333333,188.66666666666666,1.6666666666666667,1.3333333333333333,0.2712282896416301,0.7136066818618865,0.8425925925925926,0.5767195767195767
2516918,2445,2449,"January 27, 2018 at 3:30:00 PM GMT+1",Germany,0,2.0,0.0,1.3333333333333333,0.3333333333333333,9.0,9.666666666666666,3.0,264.6666666666667,1.0,0.0,0.36063815062502985,0.7726300269778531,0.6666666666666666,0.31746031746031744,4.666666666666667,0.0,2.6666666666666665,1.0,8.333333333333334,11.666666666666666,4.333333333333333,327.3333333333333,1.3333333333333333,1.6666666666666667,0.4570413751912878,0.8308388712138686,0.7555555555555555,0.5138888888888888
2517035,2445,2482,"May 5, 2018 at 3:30:00 PM GMT+2",Germany,1,2.3333333333333335,0.0,1.6666666666666667,0.0,10.333333333333334,11.333333333333334,3.3333333333333335,377.0,0.6666666666666666,0.6666666666666666,0.4784198541429996,0.8038893576928442,0.5714285714285715,0.31313131313131315,2.6666666666666665,0.0,1.3333333333333333,1.0,11.0,13.666666666666666,4.666666666666667,357.6666666666667,1.6666666666666667,2.3333333333333335,0.4634018936065574,0.8090772372514726,0.6481481481481481,0.4388888888888889
2516846,2445,2447,"November 17, 2017 at 8:30:00 PM GMT+1",Germany,1,4.666666666666667,0.3333333333333333,3.0,0.3333333333333333,8.0,16.333333333333332,2.3333333333333335,370.0,1.0,0.6666666666666666,0.4715051522899461,0.816577211844113,0.9047619047619048,0.30757575757575756,3.6666666666666665,0.0,0.6666666666666666,1.3333333333333333,11.666666666666666,14.0,4.333333333333333,442.6666666666667,1.3333333333333333,3.6666666666666665,0.4852624699802101,0.8771788011021653,0.5055555555555555,0.35324074074074074
2516810,2445,2463,"October 13, 2017 at 8:30:00 PM GMT+2",Germany,1,6.0,0.3333333333333333,3.3333333333333335,0.6666666666666666,7.666666666666667,16.333333333333332,3.0,324.6666666666667,1.3333333333333333,1.0,0.43942125707845253,0.7795117974430585,0.8571428571428571,0.41471861471861465,3.6666666666666665,0.0,1.6666666666666667,0.0,7.333333333333333,15.666666666666666,1.3333333333333333,401.3333333333333,0.3333333333333333,3.6666666666666665,0.5598713600250186,0.8418660424155887,0.5404040404040403,0.19523809523809524
2516828,2445,2453,"October 29, 2017 at 6:00:00 PM GMT+1",Germany,1,5.0,0.3333333333333333,3.3333333333333335,1.0,11.0,16.666666666666668,4.333333333333333,230.66666666666666,2.0,0.6666666666666666,0.36861191128406,0.7522900373855538,0.8412698412698413,0.4349206349206349,4.0,0.0,1.6666666666666667,0.3333333333333333,12.333333333333334,17.0,4.666666666666667,344.0,0.6666666666666666,3.6666666666666665,0.4286244648095912,0.8230177099377275,0.5238095238095238,0.3929292929292929
2516774,2445,2451,"September 16, 2017 at 3:30:00 PM GMT+2",Germany,1,2.6666666666666665,0.0,2.3333333333333335,1.3333333333333333,15.0,11.333333333333334,5.666666666666667,358.6666666666667,2.3333333333333335,0.6666666666666666,0.5019356308504791,0.793266613570335,0.5079365079365079,0.419234360410831,4.0,0.3333333333333333,1.3333333333333333,0.3333333333333333,5.666666666666667,16.666666666666668,3.0,331.6666666666667,0.6666666666666666,3.0,0.49518406122179703,0.8180705855940454,0.5595238095238094,0.5185185185185185
2516934,2446,2457,"February 10, 2018 at 3:30:00 PM GMT+1",Germany,0,0.6666666666666666,0.0,1.6666666666666667,1.3333333333333333,15.666666666666666,5.333333333333333,6.333333333333333,409.0,1.6666666666666667,0.6666666666666666,0.5739696082769151,0.8460089213600384,0.3333333333333333,0.4326118326118326,4.666666666666667,0.3333333333333333,2.0,1.3333333333333333,8.666666666666666,14.333333333333334,4.666666666666667,216.33333333333334,1.3333333333333333,2.0,0.3012864622127564,0.745102951694817,0.6203703703703703,0.5674603174603176
2516897,2446,2444,"January 12, 2018 at 8:30:00 PM GMT+1",Germany,0,2.6666666666666665,0.3333333333333333,2.0,0.0,12.666666666666666,7.666666666666667,6.0,366.6666666666667,0.3333333333333333,1.3333333333333333,0.551623521524047,0.8252521653370463,0.7222222222222222,0.49722222222222223,2.3333333333333335,0.0,3.0,1.0,13.0,8.666666666666666,4.0,504.6666666666667,1.6666666666666667,0.3333333333333333,0.6507143407906767,0.859083400259871,0.6666666666666666,0.28918449971081545
2516916,2446,2460,"January 28, 2018 at 3:30:00 PM GMT+1",Germany,1,3.0,0.3333333333333333,2.6666666666666665,0.0,11.333333333333334,11.0,4.0,362.3333333333333,0.3333333333333333,2.3333333333333335,0.5361668210582686,0.8200507764481574,0.5555555555555555,0.3719696969696969,4.0,0.0,2.6666666666666665,1.0,10.0,18.333333333333332,4.666666666666667,228.66666666666666,2.0,2.3333333333333335,0.3742576645088507,0.7579430124757062,0.7407407407407406,0.4444444444444445
2516969,2446,2454,"March 10, 2018 at 6:30:00 PM GMT+1",Germany,1,2.6666666666666665,0.3333333333333333,2.3333333333333335,0.3333333333333333,9.666666666666666,8.666666666666666,3.0,404.0,1.0,1.6666666666666667,0.5636578048403842,0.8286743904742385,0.7222222222222222,0.3386363636363636,2.6666666666666665,0.0,2.0,0.0,14.333333333333334,13.0,4.333333333333333,380.3333333333333,0.6666666666666666,1.3333333333333333,0.553305418218299,0.8236779173573007,0.5333333333333333,0.29572649572649573
2517041,2446,2455,"May 12, 2018 at 3:30:00 PM GMT+2",Germany,1,2.3333333333333335,0.0,1.0,1.0,12.666666666666666,8.333333333333334,3.6666666666666665,441.0,1.6666666666666667,1.0,0.574110877034347,0.8487925152435262,0.8333333333333334,0.2675579322638146,7.666666666666667,0.0,1.6666666666666667,0.3333333333333333,7.666666666666667,22.0,2.6666666666666665,245.66666666666666,0.3333333333333333,1.6666666666666667,0.37373236900437456,0.7413045960795044,0.832010582010582,0.32870370370370366
2516825,2446,2463,"October 28, 2017 at 3:30:00 PM GMT+2",Germany,1,2.0,0.0,1.0,1.6666666666666667,17.666666666666668,7.0,5.666666666666667,484.0,2.3333333333333335,0.6666666666666666,0.6200434885333599,0.8733125332372284,0.8333333333333334,0.326998491704374,4.0,0.0,2.6666666666666665,0.0,11.666666666666666,16.666666666666668,2.0,379.0,0.6666666666666666,2.3333333333333335,0.5574815325954091,0.8319616013024419,0.6388888888888888,0.1841269841269841
2516772,2446,2453,"September 17, 2017 at 3:30:00 PM GMT+2",Germany,1,2.0,0.0,1.6666666666666667,2.0,19.0,8.666666666666666,6.333333333333333,469.0,2.3333333333333335,1.0,0.6244777357542302,0.8765053659790502,0.6666666666666666,0.34604611075199304,4.0,0.3333333333333333,0.6666666666666666,0.0,7.333333333333333,17.0,2.6666666666666665,298.3333333333333,0.3333333333333333,3.6666666666666665,0.35440059483243513,0.8298661586466415,0.5238095238095238,0.2929292929292929
2516789,2446,2450,"September 24, 2017 at 6:00:00 PM GMT+2",Germany,1,1.0,0.0,1.6666666666666667,2.0,20.333333333333332,7.333333333333333,7.0,492.6666666666667,3.0,1.0,0.6708643133846284,0.8732372393066682,0.3333333333333333,0.35164835164835156,1.6666666666666667,0.0,0.6666666666666666,0.3333333333333333,10.0,12.0,3.0,264.3333333333333,1.0,2.3333333333333335,0.4860426892490628,0.7752570010634526,0.39444444444444443,0.3
2516865,2447,2443,"December 9, 2017 at 3:30:00 PM GMT+1",Germany,0,2.6666666666666665,0.0,0.6666666666666666,1.3333333333333333,13.333333333333334,9.0,6.333333333333333,399.6666666666667,2.3333333333333335,0.3333333333333333,0.5473059276101463,0.8298676770219995,0.6,0.4682539682539682,4.0,0.0,2.6666666666666665,0.3333333333333333,8.666666666666666,13.0,2.3333333333333335,323.6666666666667,0.3333333333333333,1.3333333333333333,0.4838961658786675,0.7873835280933402,0.7301587301587301,0.29090909090909095
2516929,2447,2450,"February 10, 2018 at 3:30:00 PM GMT+1",Germany,1,3.3333333333333335,0.0,0.3333333333333333,1.0,12.666666666666666,9.333333333333334,5.666666666666667,518.6666666666666,1.6666666666666667,1.0,0.6216799808935821,0.8548450402188287,0.7666666666666666,0.44047619047619047,2.0,0.3333333333333333,3.0,1.0,11.0,13.333333333333334,4.0,235.0,2.3333333333333335,1.6666666666666667,0.38647878484954096,0.7583696339024558,0.4000000000000001,0.3652597402597402
2516965,2447,2462,"March 11, 2018 at 6:00:00 PM GMT+1",Germany,1,2.3333333333333335,0.0,0.0,1.3333333333333333,10.333333333333334,9.333333333333334,4.0,493.3333333333333,1.6666666666666667,1.0,0.5811138206546521,0.8442259495214115,0.7666666666666666,0.3928571428571428,4.333333333333333,0.0,1.6666666666666667,1.0,10.0,12.666666666666666,2.6666666666666665,407.0,1.0,1.6666666666666667,0.6023740795580882,0.8245063067281331,0.734920634920635,0.20833333333333334
2516973,2447,2455,"March 18, 2018 at 1:30:00 PM GMT+1",Germany,1,1.3333333333333333,0.0,1.0,1.6666666666666667,10.666666666666666,8.666666666666666,4.0,439.0,2.0,1.3333333333333333,0.5839642404631981,0.8071818685442761,0.611111111111111,0.3843101343101343,6.666666666666667,0.0,3.3333333333333335,0.6666666666666666,10.666666666666666,19.666666666666668,3.6666666666666665,254.33333333333334,1.0,2.0,0.38504182844912976,0.7688494450746797,0.8055555555555555,0.34722222222222215
2517027,2447,2460,"May 5, 2018 at 3:30:00 PM GMT+2",Germany,0,2.0,0.0,1.6666666666666667,1.6666666666666667,14.333333333333334,8.666666666666666,5.0,369.0,2.0,0.6666666666666666,0.5564575985445025,0.7946233910041935,0.7777777777777777,0.3613632744067526,3.3333333333333335,0.0,1.6666666666666667,0.3333333333333333,9.0,15.666666666666666,2.3333333333333335,299.3333333333333,0.6666666666666666,2.6666666666666665,0.41704569153658827,0.8056348196108917,0.5,0.3311965811965812
2516829,2447,2444,"November 4, 2017 at 6:30:00 PM GMT+1",Germany,0,2.6666666666666665,0.0,2.6666666666666665,1.3333333333333333,15.333333333333334,8.0,5.0,385.0,1.6666666666666667,1.3333333333333333,0.5945884802194407,0.8049054227916016,0.6444444444444444,0.3185061315496098,1.3333333333333333,0.0,0.3333333333333333,1.3333333333333333,18.333333333333332,6.666666666666667,6.666666666666667,587.0,2.6666666666666665,1.0,0.6885970847086617,0.8896180396435716,0.5833333333333334,0.3719919786096257
2516803,2447,2975,"October 14, 2017 at 6:30:00 PM GMT+2",Germany,0,3.0,0.0,2.3333333333333335,0.6666666666666666,15.666666666666666,8.0,5.0,439.0,1.0,1.6666666666666667,0.6071690933901933,0.8491869477182878,0.6666666666666666,0.3111801242236025,2.6666666666666665,0.0,2.3333333333333335,2.3333333333333335,18.333333333333332,11.666666666666666,8.333333333333334,357.0,3.6666666666666665,1.6666666666666667,0.559053170068745,0.8474590567613823,0.5555555555555555,0.4517602495543673
2516767,2447,2463,"September 17, 2017 at 6:00:00 PM GMT+2",Germany,1,2.6666666666666665,0.3333333333333333,2.3333333333333335,0.3333333333333333,13.0,7.0,5.0,467.3333333333333,1.3333333333333333,2.6666666666666665,0.6327321334663994,0.8586579278447558,0.5,0.373015873015873,3.6666666666666665,0.0,2.3333333333333335,0.0,11.666666666666666,15.333333333333334,2.0,292.3333333333333,0.6666666666666666,1.6666666666666667,0.4352517808196894,0.7769000101197059,0.6722222222222222,0.1841269841269841
2516785,2447,2454,"September 23, 2017 at 6:30:00 PM GMT+2",Germany,1,2.3333333333333335,0.3333333333333333,1.3333333333333333,1.0,16.666666666666668,7.0,7.0,511.6666666666667,2.6666666666666665,2.0,0.6587745459568739,0.867486855976756,0.6333333333333333,0.4158730158730159,5.333333333333333,0.0,0.6666666666666666,1.6666666666666667,12.0,16.333333333333332,6.333333333333333,364.0,3.0,1.0,0.45653090124407386,0.8324972889528682,0.85,0.5467948717948717
2516923,2449,2443,"February 3, 2018 at 3:30:00 PM GMT+1",Germany,0,4.333333333333333,0.0,2.0,1.3333333333333333,10.333333333333334,12.333333333333334,4.666666666666667,295.6666666666667,2.3333333333333335,0.6666666666666666,0.4379742359726771,0.8219004603002921,0.9047619047619048,0.48484848484848486,4.0,0.0,1.6666666666666667,0.6666666666666666,7.666666666666667,11.333333333333334,2.6666666666666665,368.0,0.6666666666666666,1.0,0.4856884093083416,0.8107074855001887,0.7746031746031746,0.35555555555555557
2516959,2449,2457,"March 3, 2018 at 3:30:00 PM GMT+1",Germany,1,4.333333333333333,0.3333333333333333,2.6666666666666665,1.0,11.0,11.333333333333334,6.0,319.6666666666667,2.0,1.3333333333333333,0.4436887820070264,0.8167667051665369,0.8095238095238096,0.5681818181818182,3.6666666666666665,0.0,1.6666666666666667,1.3333333333333333,11.0,10.666666666666666,4.666666666666667,326.6666666666667,1.3333333333333333,0.6666666666666666,0.4438779499476147,0.7870829984709663,0.7777777777777778,0.4092204092204092
2516986,2449,2453,"March 31, 2018 at 3:30:00 PM GMT+2",Germany,1,4.333333333333333,0.3333333333333333,2.0,1.0,9.333333333333334,11.0,5.666666666666667,370.0,1.6666666666666667,1.3333333333333333,0.5029229310126802,0.8522643195868813,0.8095238095238096,0.6388888888888888,4.0,0.3333333333333333,2.3333333333333335,1.0,14.333333333333334,14.0,5.666666666666667,333.0,2.0,3.0,0.567680750032905,0.7942274825859776,0.5176767676767676,0.3928571428571428
2517040,2449,2462,"May 12, 2018 at 3:30:00 PM GMT+2",Germany,1,2.6666666666666665,0.3333333333333333,1.6666666666666667,0.6666666666666666,11.666666666666666,8.333333333333334,6.0,411.0,1.3333333333333333,0.6666666666666666,0.5218333052498686,0.8674435473671872,0.5714285714285714,0.5444444444444444,3.3333333333333335,0.0,2.0,1.6666666666666667,11.333333333333334,13.0,3.6666666666666665,357.6666666666667,1.6666666666666667,2.3333333333333335,0.5700550607157259,0.8091441480897532,0.5904761904761905,0.30833333333333335
2516842,2449,2450,"November 19, 2017 at 3:30:00 PM GMT+1",Germany,1,1.6666666666666667,0.0,0.6666666666666666,1.0,10.666666666666666,7.0,5.333333333333333,390.6666666666667,1.3333333333333333,0.0,0.5230774344576277,0.8558806867477228,0.6666666666666666,0.5292929292929293,5.333333333333333,0.0,1.0,0.0,7.0,16.0,3.3333333333333335,270.3333333333333,0.0,3.3333333333333335,0.44733626008542954,0.7441626399637551,0.6313131313131314,0.3434343434343434
2516815,2449,2460,"October 20, 2017 at 8:30:00 PM GMT+2",Germany,1,1.0,0.0,1.6666666666666667,1.0,12.666666666666666,6.0,5.333333333333333,372.3333333333333,1.6666666666666667,0.0,0.5153876767800977,0.838112084988745,0.6666666666666666,0.41818181818181815,3.0,0.0,2.0,0.6666666666666666,11.333333333333334,13.666666666666666,3.0,307.3333333333333,1.0,2.0,0.4297244584395245,0.7938561502605538,0.611111111111111,0.37564102564102564
2516761,2449,2445,"September 10, 2017 at 6:00:00 PM GMT+2",Germany,1,1.6666666666666667,0.0,2.0,1.0,11.666666666666666,5.333333333333333,4.666666666666667,346.6666666666667,1.6666666666666667,0.0,0.5199721039848014,0.8157867912348798,1.0,0.40151515151515155,6.333333333333333,0.3333333333333333,1.0,0.6666666666666666,6.0,16.0,3.6666666666666665,178.33333333333334,1.6666666666666667,1.6666666666666667,0.24568353696081055,0.7169801218566332,0.7916666666666666,0.6388888888888888
2516779,2449,2444,"September 19, 2017 at 8:30:00 PM GMT+2",Germany,0,1.0,0.0,2.3333333333333335,1.3333333333333333,11.666666666666666,7.0,4.333333333333333,350.6666666666667,2.3333333333333335,0.3333333333333333,0.4880067554026864,0.8144830797094217,0.6666666666666666,0.37121212121212116,2.0,0.0,1.6666666666666667,1.0,17.333333333333332,8.666666666666666,5.333333333333333,556.3333333333334,1.6666666666666667,1.0,0.6873244077643514,0.8796441894310134,0.5833333333333334,0.33939393939393936
2516944,2450,2446,"February 17, 2018 at 3:30:00 PM GMT+1",Germany,0,3.0,0.0,2.3333333333333335,0.6666666666666666,12.666666666666666,11.0,5.0,276.6666666666667,1.0,0.6666666666666666,0.5344015449773324,0.7660304581602756,0.8666666666666667,0.3934343434343434,4.333333333333333,0.0,1.0,2.0,16.666666666666668,13.333333333333334,4.666666666666667,366.0,2.3333333333333335,1.3333333333333333,0.4795268915370101,0.8521662910516277,0.7916666666666666,0.30497737556561083
2516907,2450,2463,"January 20, 2018 at 6:30:00 PM GMT+1",Germany,0,2.3333333333333335,0.0,2.0,0.6666666666666666,11.666666666666666,12.0,4.666666666666667,278.6666666666667,1.0,1.3333333333333333,0.4894855002012129,0.7645670435261293,0.7333333333333334,0.3972222222222223,4.333333333333333,0.0,0.6666666666666666,0.6666666666666666,9.0,17.666666666666668,3.3333333333333335,239.0,1.3333333333333333,2.0,0.31085716482451425,0.7216442510267109,0.6435185185185185,0.3531746031746032
2516980,2450,2457,"March 17, 2018 at 3:30:00 PM GMT+1",Germany,0,2.0,0.0,1.6666666666666667,0.3333333333333333,11.0,11.0,4.0,296.3333333333333,0.6666666666666666,2.0,0.5461872819673724,0.7482215831863046,0.39999999999999997,0.35833333333333334,5.333333333333333,0.3333333333333333,1.6666666666666667,1.6666666666666667,9.0,14.333333333333334,3.3333333333333335,260.3333333333333,1.6666666666666667,1.0,0.36315319416054065,0.7471306699047764,0.8148148148148149,0.41654641654641655
2517042,2450,2454,"May 12, 2018 at 3:30:00 PM GMT+2",Germany,1,3.3333333333333335,0.0,2.0,0.3333333333333333,9.0,12.0,3.0,325.6666666666667,0.6666666666666666,2.0,0.5110187668911733,0.7591689085058332,0.45925925925925926,0.3361111111111111,2.6666666666666665,0.0,2.6666666666666665,0.0,12.0,11.666666666666666,3.3333333333333335,405.0,0.3333333333333333,2.0,0.5353941919154644,0.8473946718708109,0.4380952380952381,0.26794871794871794
2516854,2450,2482,"November 26, 2017 at 3:30:00 PM GMT+1",Germany,1,2.6666666666666665,0.3333333333333333,2.3333333333333335,0.6666666666666666,12.0,10.0,4.666666666666667,331.3333333333333,1.0,1.6666666666666667,0.5070455391074401,0.7763524877490332,0.4259259259259259,0.3679738562091503,2.0,0.0,1.6666666666666667,0.6666666666666666,14.0,11.333333333333334,5.333333333333333,335.6666666666667,1.3333333333333333,2.3333333333333335,0.49978519449342745,0.798505426197734,0.48148148148148145,0.41111111111111104
2516836,2450,2445,"November 4, 2017 at 3:30:00 PM GMT+1",Germany,1,3.3333333333333335,0.3333333333333333,1.3333333333333333,0.6666666666666666,14.333333333333334,11.0,6.0,318.6666666666667,2.0,1.0,0.47202725902478226,0.7888104615353009,0.7592592592592592,0.4052287581699346,3.3333333333333335,0.0,1.3333333333333333,1.6666666666666667,8.333333333333334,11.0,5.333333333333333,246.33333333333334,3.0,1.3333333333333333,0.3158471272650938,0.7637429941160151,0.625,0.6666666666666666
2516818,2450,2444,"October 21, 2017 at 6:30:00 PM GMT+2",Germany,0,1.3333333333333333,0.3333333333333333,1.6666666666666667,0.6666666666666666,17.666666666666668,7.666666666666667,8.666666666666666,356.0,2.6666666666666665,0.6666666666666666,0.5466331028536281,0.8048638680595882,0.6666666666666666,0.4871001031991744,2.0,0.0,1.0,1.6666666666666667,16.0,10.0,7.0,542.6666666666666,2.3333333333333335,1.3333333333333333,0.6495892140220906,0.8839603076848087,0.5,0.4602272727272727
2516781,2450,2447,"September 20, 2017 at 8:30:00 PM GMT+2",Germany,0,2.0,0.3333333333333333,1.0,0.3333333333333333,13.666666666666666,11.666666666666666,6.666666666666667,296.6666666666667,2.0,0.6666666666666666,0.4594913925074979,0.7771689799118301,0.75,0.4635706914344686,3.6666666666666665,0.3333333333333333,0.0,0.3333333333333333,10.0,10.333333333333334,4.666666666666667,420.6666666666667,1.3333333333333333,3.0,0.6369256569569195,0.8562871947712406,0.5317460317460317,0.46329966329966327
2516763,2450,2975,"September 8, 2017 at 8:30:00 PM GMT+2",Germany,0,2.6666666666666665,0.3333333333333333,2.0,0.3333333333333333,10.0,12.333333333333334,5.0,309.0,1.0,1.6666666666666667,0.48083699846848854,0.7720441658929841,0.6071428571428571,0.43742690058479533,4.666666666666667,0.6666666666666666,2.3333333333333335,0.6666666666666666,7.333333333333333,16.0,3.0,310.6666666666667,1.0,1.6666666666666667,0.41337744741378746,0.7825010918237861,0.7388888888888889,0.49572649572649574
2516945,2451,2444,"February 17, 2018 at 3:30:00 PM GMT+1",Germany,0,5.0,0.0,1.0,0.6666666666666666,10.0,14.666666666666666,2.6666666666666665,252.66666666666666,1.3333333333333333,2.0,0.37396410045739853,0.7746273553512054,0.6333333333333333,0.22751322751322745,2.3333333333333335,0.0,2.0,1.3333333333333333,13.0,7.666666666666667,4.666666666666667,469.3333333333333,1.3333333333333333,0.0,0.6048322866227116,0.8415090560024971,1.0,0.32427221900906106
2516909,2451,2462,"January 20, 2018 at 3:30:00 PM GMT+1",Germany,0,5.333333333333333,0.0,1.3333333333333333,1.0,8.0,16.333333333333332,2.6666666666666665,214.66666666666666,1.3333333333333333,1.6666666666666667,0.27701752340032426,0.7560686338074092,0.6888888888888888,0.3015873015873015,4.666666666666667,0.0,2.0,0.3333333333333333,7.0,14.0,2.3333333333333335,401.3333333333333,0.6666666666666666,1.6666666666666667,0.5866178860810087,0.8294704644342262,0.746031746031746,0.3214285714285714
2516981,2451,2449,"March 17, 2018 at 6:30:00 PM GMT+1",Germany,0,5.666666666666667,0.3333333333333333,2.6666666666666665,1.0,9.333333333333334,17.333333333333332,3.6666666666666665,272.6666666666667,1.6666666666666667,1.6666666666666667,0.369905980887018,0.8027802404101229,0.7222222222222223,0.3751803751803751,4.666666666666667,0.0,2.3333333333333335,0.6666666666666666,11.333333333333334,11.0,5.333333333333333,316.3333333333333,1.6666666666666667,1.0,0.436074213019724,0.817356970204265,0.8888888888888888,0.5065359477124183
2516963,2451,2446,"March 3, 2018 at 3:30:00 PM GMT+1",Germany,0,3.0,0.3333333333333333,2.6666666666666665,0.3333333333333333,10.0,14.666666666666666,2.3333333333333335,314.3333333333333,0.6666666666666666,2.0,0.4253395447994139,0.8010978924079497,0.6111111111111112,0.27398989898989895,1.6666666666666667,0.3333333333333333,1.3333333333333333,1.6666666666666667,12.666666666666666,9.666666666666666,4.333333333333333,423.3333333333333,2.0,1.3333333333333333,0.5382814951327504,0.847437877234535,0.5555555555555555,0.3285714285714285
2517044,2451,2463,"May 12, 2018 at 3:30:00 PM GMT+2",Germany,1,2.3333333333333335,0.6666666666666666,3.6666666666666665,0.3333333333333333,11.333333333333334,13.0,2.6666666666666665,399.6666666666667,0.6666666666666666,2.0,0.5250709569395852,0.836426826537858,0.5555555555555557,0.25811688311688313,4.0,0.0,2.0,1.0,7.333333333333333,12.666666666666666,1.6666666666666667,374.6666666666667,1.0,3.0,0.5630608200393332,0.8161912805132313,0.6515151515151515,0.2240740740740741
2516845,2451,2453,"November 18, 2017 at 3:30:00 PM GMT+1",Germany,1,1.6666666666666667,0.3333333333333333,3.0,1.0,13.666666666666666,10.0,4.0,382.0,1.6666666666666667,1.3333333333333333,0.4871205309292594,0.8449863765500859,0.5555555555555557,0.28505291005291006,4.0,0.3333333333333333,2.3333333333333335,0.3333333333333333,12.666666666666666,15.0,3.3333333333333335,382.6666666666667,0.6666666666666666,2.3333333333333335,0.503283308511857,0.8323140911376207,0.626984126984127,0.2111111111111111
2516939,2453,2443,"February 17, 2018 at 3:30:00 PM GMT+1",Germany,1,1.3333333333333333,0.0,0.6666666666666666,0.6666666666666666,16.333333333333332,9.333333333333334,4.0,317.3333333333333,1.3333333333333333,1.3333333333333333,0.47219794212563615,0.8095402591428017,0.3333333333333333,0.2424242424242424,4.0,0.0,2.0,0.6666666666666666,8.0,13.666666666666666,2.6666666666666665,279.6666666666667,0.6666666666666666,1.0,0.3792806300612741,0.7780877558655336,0.7746031746031745,0.34814814814814815
2516904,2453,2975,"January 20, 2018 at 3:30:00 PM GMT+1",Germany,1,2.3333333333333335,0.0,0.6666666666666666,0.0,14.0,8.333333333333334,2.6666666666666665,318.0,0.6666666666666666,0.6666666666666666,0.46409690646229657,0.8171001489979713,0.6666666666666666,0.21861471861471857,2.6666666666666665,0.0,1.3333333333333333,0.6666666666666666,11.333333333333334,10.666666666666666,4.0,400.0,0.6666666666666666,2.0,0.5956450988499241,0.8034565392290193,0.5873015873015873,0.337037037037037
2516976,2453,2445,"March 16, 2018 at 8:30:00 PM GMT+1",Germany,0,3.0,0.0,0.6666666666666666,0.3333333333333333,12.666666666666666,8.666666666666666,4.0,279.6666666666667,1.3333333333333333,0.3333333333333333,0.37777067702198686,0.7890882202258419,0.8888888888888888,0.3667628667628667,4.333333333333333,0.0,2.0,0.3333333333333333,10.666666666666666,14.0,4.666666666666667,392.3333333333333,1.0,1.3333333333333333,0.5338006896447404,0.8146827660055019,0.8424242424242424,0.45308857808857805
2516957,2453,2444,"March 4, 2018 at 6:00:00 PM GMT+1",Germany,0,2.6666666666666665,0.0,1.3333333333333333,0.6666666666666666,7.333333333333333,10.0,3.0,334.0,1.3333333333333333,1.0,0.4347617446195997,0.8006410881998333,0.7555555555555555,0.4021164021164021,3.0,0.0,3.0,0.6666666666666666,12.333333333333334,13.0,4.333333333333333,460.6666666666667,2.0,1.0,0.627296507503364,0.8285004675081814,0.5714285714285715,0.33903133903133903
2517039,2453,2481,"May 12, 2018 at 3:30:00 PM GMT+2",Germany,1,2.0,0.0,1.0,0.6666666666666666,6.333333333333333,12.666666666666666,2.3333333333333335,348.0,1.0,2.3333333333333335,0.43904420266918104,0.8040637274853856,0.4888888888888889,0.34259259259259256,5.0,0.0,1.6666666666666667,1.0,14.666666666666666,18.0,4.666666666666667,295.3333333333333,1.0,1.6666666666666667,0.46585997614824737,0.7779443878227307,0.7481481481481481,0.3069295900178253
2516850,2453,2460,"November 25, 2017 at 3:30:00 PM GMT+1",Germany,1,2.0,0.0,1.3333333333333333,0.6666666666666666,7.0,10.333333333333334,2.0,374.3333333333333,1.0,2.0,0.4798810020572883,0.8583773960979774,0.6,0.2853535353535353,2.0,0.0,2.0,0.6666666666666666,6.666666666666667,11.666666666666666,2.0,260.0,0.6666666666666666,2.0,0.34053680043002915,0.7832297622037426,0.5,0.45897435897435895
2516832,2453,2449,"November 4, 2017 at 3:30:00 PM GMT+1",Germany,0,2.0,0.0,1.6666666666666667,0.6666666666666666,10.333333333333334,12.333333333333334,3.0,314.0,1.3333333333333333,1.6666666666666667,0.4422353938774894,0.8423638184263685,0.6499999999999999,0.2784090909090909,4.0,0.0,2.0,0.6666666666666666,8.666666666666666,14.666666666666666,3.0,273.6666666666667,1.3333333333333333,0.3333333333333333,0.39817778638738727,0.7861470182539927,0.9333333333333332,0.3462962962962963
2516795,2453,2482,"October 1, 2017 at 1:30:00 PM GMT+2",Germany,1,2.3333333333333335,0.0,1.6666666666666667,0.6666666666666666,13.333333333333334,9.666666666666666,3.3333333333333335,331.0,1.3333333333333333,0.6666666666666666,0.4882178736834986,0.8371182457389353,0.8055555555555555,0.24635780885780886,3.3333333333333335,0.0,2.3333333333333335,0.6666666666666666,17.666666666666668,11.333333333333334,5.666666666666667,418.3333333333333,1.0,1.6666666666666667,0.6528588649789873,0.8533460598470387,0.5416666666666666,0.3
2516887,2454,2450,"December 15, 2017 at 8:30:00 PM GMT+1",Germany,1,3.0,0.0,1.3333333333333333,0.6666666666666666,14.0,10.666666666666666,5.666666666666667,455.0,2.0,0.3333333333333333,0.5765587930891988,0.8777491155529087,0.9444444444444445,0.39829059829059826,2.6666666666666665,0.3333333333333333,2.6666666666666665,0.6666666666666666,12.333333333333334,16.333333333333332,4.666666666666667,268.0,2.0,1.3333333333333333,0.45484662972713163,0.7669235647165769,0.45714285714285713,0.3791486291486292
2516940,2454,2447,"February 18, 2018 at 6:00:00 PM GMT+1",Germany,0,3.0,0.0,1.3333333333333333,1.6666666666666667,14.0,10.666666666666666,5.333333333333333,428.3333333333333,2.0,0.6666666666666666,0.558178356811032,0.8647496219748979,0.8333333333333334,0.37264957264957266,0.6666666666666666,0.0,0.3333333333333333,1.3333333333333333,13.333333333333334,10.666666666666666,5.333333333333333,482.0,1.6666666666666667,0.6666666666666666,0.649381758638789,0.8607452598796955,0.4444444444444444,0.4004273504273504
2516922,2454,2975,"February 3, 2018 at 6:30:00 PM GMT+1",Germany,0,1.6666666666666667,0.0,2.0,1.3333333333333333,19.666666666666668,9.333333333333334,8.0,408.6666666666667,1.3333333333333333,0.6666666666666666,0.5542997720810506,0.8421562142425142,0.7222222222222222,0.4025641025641025,2.3333333333333335,0.0,1.3333333333333333,0.3333333333333333,10.0,11.333333333333334,3.0,419.3333333333333,0.3333333333333333,2.6666666666666665,0.6242262923575259,0.7985922141812573,0.45396825396825397,0.2946127946127946
2516905,2454,2481,"January 20, 2018 at 3:30:00 PM GMT+1",Germany,1,2.6666666666666665,0.0,1.6666666666666667,1.0,16.0,10.333333333333334,6.666666666666667,347.0,1.0,1.0,0.5205526152878193,0.7939857467172079,0.6666666666666666,0.41737891737891736,4.666666666666667,0.0,1.6666666666666667,1.0,11.666666666666666,15.0,4.333333333333333,277.0,1.6666666666666667,2.0,0.4431741549122341,0.7743404489682201,0.6925925925925926,0.3606060606060606
2517031,2454,2453,"May 5, 2018 at 3:30:00 PM GMT+2",Germany,1,3.0,0.0,1.6666666666666667,0.3333333333333333,17.0,13.333333333333334,7.0,305.3333333333333,0.6666666666666666,0.6666666666666666,0.4766383513258204,0.7646307113893122,0.7777777777777778,0.41417378917378916,3.3333333333333335,0.3333333333333333,2.3333333333333335,0.6666666666666666,14.0,11.333333333333334,4.666666666666667,375.0,1.6666666666666667,2.3333333333333335,0.5873514430621243,0.8193745366303701,0.5436507936507936,0.25
2516851,2454,2444,"November 25, 2017 at 6:30:00 PM GMT+1",Germany,1,4.333333333333333,0.0,0.6666666666666666,1.0,14.0,17.333333333333332,5.0,314.0,1.6666666666666667,0.6666666666666666,0.46158098698473515,0.7818753412524447,0.888888888888889,0.3711873638344226,3.0,0.0,1.3333333333333333,1.6666666666666667,14.0,9.333333333333334,5.0,531.0,2.6666666666666665,1.0,0.6471911613364488,0.8696827945001857,0.8214285714285715,0.3400054466230937
2516814,2454,2446,"October 21, 2017 at 3:30:00 PM GMT+2",Germany,0,5.0,0.0,0.3333333333333333,1.0,13.333333333333334,19.666666666666668,4.333333333333333,282.3333333333333,2.3333333333333335,0.6666666666666666,0.3981939412158874,0.7800508779163943,0.9027777777777777,0.3182773109243697,1.6666666666666667,0.3333333333333333,1.6666666666666667,0.6666666666666666,12.0,8.666666666666666,3.3333333333333335,411.0,1.0,1.0,0.5169077400488531,0.8551112227369413,0.611111111111111,0.273015873015873
2516778,2454,2445,"September 19, 2017 at 6:30:00 PM GMT+2",Germany,1,4.333333333333333,0.0,1.3333333333333333,1.0,13.333333333333334,18.0,3.3333333333333335,345.6666666666667,2.0,2.3333333333333335,0.45054150946937704,0.8212816670162262,0.6249999999999999,0.2557773109243697,4.333333333333333,0.3333333333333333,1.3333333333333333,0.3333333333333333,7.0,14.666666666666666,1.6666666666666667,331.3333333333333,0.6666666666666666,2.3333333333333335,0.4134465970506033,0.7793900483918366,0.5833333333333334,0.33888888888888885
2516796,2454,2455,"September 30, 2017 at 3:30:00 PM GMT+2",Germany,1,4.0,0.0,1.3333333333333333,0.6666666666666666,10.333333333333334,14.666666666666666,2.6666666666666665,389.3333333333333,1.6666666666666667,2.0,0.4676614527773892,0.837054169870796,0.6805555555555555,0.28273809523809523,3.6666666666666665,0.0,2.3333333333333335,0.6666666666666666,9.333333333333334,15.666666666666666,5.0,288.6666666666667,1.0,2.3333333333333335,0.4465107084146618,0.776520950704371,0.6317460317460317,0.5382996632996633
2516760,2454,2462,"September 9, 2017 at 3:30:00 PM GMT+2",Germany,0,2.0,0.0,1.3333333333333333,1.0,15.0,12.0,4.333333333333333,444.6666666666667,1.6666666666666667,2.0,0.5849054981109524,0.8680989427685418,0.5555555555555555,0.2986111111111111,4.0,0.0,2.0,1.0,8.666666666666666,13.0,3.0,252.0,1.3333333333333333,1.0,0.42019063498486675,0.78563720980338,0.7555555555555555,0.3474025974025974
2516935,2455,2453,"February 10, 2018 at 3:30:00 PM GMT+1",Germany,1,2.6666666666666665,0.0,1.3333333333333333,1.3333333333333333,11.0,9.333333333333334,4.0,275.6666666666667,1.6666666666666667,0.3333333333333333,0.4027321387742199,0.7603637539504522,0.8888888888888888,0.3742424242424242,3.6666666666666665,0.6666666666666666,2.6666666666666665,1.0,14.0,13.333333333333334,6.0,244.66666666666666,1.6666666666666667,2.6666666666666665,0.49122241669957173,0.7695074745141381,0.5454545454545454,0.43326118326118324
2516953,2455,2454,"February 24, 2018 at 3:30:00 PM GMT+1",Germany,0,3.0,0.0,1.0,1.3333333333333333,12.0,9.666666666666666,4.0,287.0,1.6666666666666667,0.3333333333333333,0.3968050389326985,0.7693864753019407,0.9166666666666666,0.32808857808857805,2.6666666666666665,0.0,1.3333333333333333,0.0,11.666666666666666,14.333333333333334,6.0,487.3333333333333,0.0,1.6666666666666667,0.625723246888176,0.8672730843764019,0.6,0.5294117647058824
2516899,2455,2460,"January 13, 2018 at 3:30:00 PM GMT+1",Germany,1,4.0,0.0,1.3333333333333333,1.0,15.333333333333334,12.333333333333334,4.666666666666667,277.3333333333333,1.3333333333333333,0.6666666666666666,0.40905339663560164,0.7603348832164142,0.85,0.3165445665445665,3.0,0.0,2.3333333333333335,0.6666666666666666,10.333333333333334,17.0,5.0,214.66666666666666,1.3333333333333333,1.6666666666666667,0.3485474733637408,0.7511463383331538,0.7685185185185185,0.4594017094017094
2516917,2455,2451,"January 28, 2018 at 6:00:00 PM GMT+1",Germany,0,3.3333333333333335,0.0,0.6666666666666666,0.6666666666666666,18.666666666666668,13.0,6.666666666666667,296.0,1.6666666666666667,1.3333333333333333,0.45186020155525336,0.7917321896137205,0.7166666666666667,0.3695748695748695,4.666666666666667,0.0,2.3333333333333335,0.3333333333333333,9.0,13.666666666666666,4.0,427.0,0.6666666666666666,1.3333333333333333,0.5952018985323195,0.8665473745088638,0.7583333333333333,0.46230158730158727
2516971,2455,2481,"March 10, 2018 at 3:30:00 PM GMT+1",Germany,0,2.6666666666666665,0.0,1.3333333333333333,0.3333333333333333,19.333333333333332,11.0,6.0,343.6666666666667,1.0,1.3333333333333333,0.5203599735570773,0.8063458213783541,0.6333333333333333,0.30461760461760456,5.0,0.0,1.3333333333333333,0.6666666666666666,12.666666666666666,17.666666666666668,3.0,290.6666666666667,1.0,1.6666666666666667,0.47844431948644567,0.7734731852159679,0.7481481481481481,0.25276292335115863
2516989,2455,2975,"March 31, 2018 at 3:30:00 PM GMT+2",Germany,0,3.3333333333333335,0.0,1.3333333333333333,0.3333333333333333,18.0,11.333333333333334,6.0,376.0,1.3333333333333333,2.0,0.5712764466660638,0.8410612455410144,0.5888888888888889,0.3232917409387997,2.3333333333333335,0.0,1.3333333333333333,1.0,11.666666666666666,10.333333333333334,3.3333333333333335,367.6666666666667,1.0,1.3333333333333333,0.5865651135794626,0.8049588213474733,0.6111111111111112,0.2612794612794613
2517034,2455,2457,"May 5, 2018 at 3:30:00 PM GMT+2",Germany,1,3.0,0.0,2.3333333333333335,0.6666666666666666,14.666666666666666,12.666666666666666,4.0,358.3333333333333,1.0,2.3333333333333335,0.541103240899319,0.8104556399354087,0.5222222222222221,0.27026143790849666,2.6666666666666665,0.0,1.3333333333333333,0.6666666666666666,11.333333333333334,7.666666666666667,4.333333333333333,367.3333333333333,0.6666666666666666,1.0,0.48705025077601155,0.8198750059073624,0.7111111111111111,0.36107226107226104
2516809,2455,2462,"October 14, 2017 at 3:30:00 PM GMT+2",Germany,0,3.0,0.0,2.3333333333333335,1.6666666666666667,13.333333333333334,15.666666666666666,4.333333333333333,288.3333333333333,2.0,2.3333333333333335,0.47854020855686247,0.7835771368194576,0.5222222222222221,0.3328877005347593,3.3333333333333335,0.0,2.3333333333333335,1.6666666666666667,10.333333333333334,11.666666666666666,3.6666666666666665,330.6666666666667,1.6666666666666667,1.6666666666666667,0.5349352418738774,0.7859016727866178,0.6666666666666666,0.35833333333333334
2516827,2455,2447,"October 28, 2017 at 3:30:00 PM GMT+2",Germany,1,1.6666666666666667,0.0,2.6666666666666665,2.0,11.0,14.0,3.3333333333333335,240.33333333333334,2.0,2.0,0.4328456762636585,0.7522874760117245,0.4666666666666666,0.30151515151515146,3.3333333333333335,0.0,0.3333333333333333,0.3333333333333333,10.0,11.0,4.0,427.6666666666667,0.6666666666666666,3.6666666666666665,0.5288124569729535,0.8739834624675084,0.47222222222222215,0.3892255892255892
2516773,2455,2450,"September 15, 2017 at 8:30:00 PM GMT+2",Germany,1,2.0,0.0,2.3333333333333335,1.6666666666666667,11.333333333333334,11.666666666666666,4.666666666666667,207.66666666666666,2.6666666666666665,1.6666666666666667,0.4030082290663726,0.7214706329678072,0.5333333333333333,0.3976689976689976,1.3333333333333333,0.0,1.6666666666666667,0.3333333333333333,8.333333333333334,11.0,2.3333333333333335,302.6666666666667,1.0,2.3333333333333335,0.5243668042142616,0.7868199994685563,0.3611111111111111,0.2642857142857143
2516858,2457,2462,"December 3, 2017 at 3:30:00 PM GMT+1",Germany,0,3.0,0.0,1.6666666666666667,1.3333333333333333,12.0,13.0,6.333333333333333,364.6666666666667,2.3333333333333335,0.6666666666666666,0.515215703209791,0.8313758673568987,0.7857142857142857,0.5148148148148147,3.0,0.0,2.6666666666666665,1.0,9.0,12.333333333333334,3.0,280.3333333333333,1.3333333333333333,3.0,0.38401583731007843,0.7863419070354615,0.5,0.3142857142857143
2516938,2457,2460,"February 16, 2018 at 8:30:00 PM GMT+1",Germany,0,3.6666666666666665,0.0,1.6666666666666667,1.3333333333333333,13.0,11.0,6.0,349.0,2.0,1.0,0.5038263397927482,0.8243016475344406,0.8190476190476191,0.45925925925925926,4.333333333333333,0.0,1.6666666666666667,0.3333333333333333,8.666666666666666,19.0,3.6666666666666665,275.3333333333333,0.6666666666666666,2.3333333333333335,0.4544442623696859,0.7965731061576747,0.6732804232804233,0.40781440781440775
2517038,2457,2975,"May 12, 2018 at 3:30:00 PM GMT+2",Germany,0,4.666666666666667,0.0,1.0,1.0,13.0,12.333333333333334,5.0,354.0,1.3333333333333333,1.6666666666666667,0.5644482055034189,0.802438013499299,0.7238095238095238,0.3481481481481481,2.3333333333333335,0.0,2.0,1.6666666666666667,14.0,10.0,4.666666666666667,397.0,1.6666666666666667,1.3333333333333333,0.6074520206847526,0.8310387291434999,0.611111111111111,0.3284090909090909
2516840,2457,2454,"November 18, 2017 at 6:30:00 PM GMT+1",Germany,0,4.0,0.0,0.6666666666666666,0.6666666666666666,10.666666666666666,12.0,3.3333333333333335,368.3333333333333,1.0,3.3333333333333335,0.5803307243207981,0.8276666319482565,0.5714285714285714,0.3148148148148148,3.6666666666666665,0.0,2.0,0.0,9.666666666666666,13.333333333333334,2.0,381.3333333333333,0.3333333333333333,2.0,0.5064411419968006,0.8486283583503181,0.48809523809523814,0.21794871794871792
2516805,2457,2449,"October 14, 2017 at 3:30:00 PM GMT+2",Germany,0,3.3333333333333335,0.0,1.0,1.0,11.0,12.333333333333334,4.333333333333333,418.3333333333333,1.3333333333333333,4.0,0.5976994423150153,0.8427552359755749,0.4380952380952381,0.3703703703703704,3.3333333333333335,0.0,2.0,0.6666666666666666,8.666666666666666,13.666666666666666,3.3333333333333335,282.6666666666667,1.3333333333333333,0.3333333333333333,0.4216007750906785,0.7935028714863748,0.9333333333333332,0.3833333333333333
2516822,2457,2450,"October 28, 2017 at 3:30:00 PM GMT+2",Germany,1,3.3333333333333335,0.3333333333333333,1.3333333333333333,1.0,8.666666666666666,11.333333333333334,4.0,373.0,1.3333333333333333,4.0,0.47877855076518555,0.8586635252171976,0.43809523809523815,0.3333333333333333,3.6666666666666665,0.0,1.3333333333333333,0.0,8.666666666666666,13.0,2.3333333333333335,335.3333333333333,0.6666666666666666,2.6666666666666665,0.5672891356076469,0.8099626861490536,0.49242424242424243,0.2521645021645021
2516776,2457,2446,"September 20, 2017 at 8:30:00 PM GMT+2",Germany,1,3.0,0.3333333333333333,1.6666666666666667,1.3333333333333333,8.666666666666666,9.0,3.6666666666666665,359.6666666666667,1.3333333333333333,2.3333333333333335,0.4749625384050284,0.8310796102952965,0.5547619047619048,0.2916666666666667,2.0,0.0,1.3333333333333333,2.0,12.666666666666666,11.333333333333334,4.666666666666667,369.0,2.6666666666666665,0.6666666666666666,0.47982869943088424,0.8470761039940186,0.7222222222222222,0.37301587301587297
2516926,2460,2444,"February 3, 2018 at 3:30:00 PM GMT+1",Germany,0,2.0,0.0,2.3333333333333335,0.0,14.0,10.333333333333334,3.6666666666666665,369.3333333333333,0.3333333333333333,2.0,0.5639496095418929,0.8342313930000959,0.47222222222222215,0.2580128205128205,2.0,0.0,2.6666666666666665,1.0,13.0,7.333333333333333,4.0,464.6666666666667,1.3333333333333333,0.3333333333333333,0.6180273846004184,0.8433426595191301,0.6666666666666666,0.28918449971081545
2516908,2460,2445,"January 20, 2018 at 3:30:00 PM GMT+1",Germany,1,3.0,0.0,1.3333333333333333,0.0,14.0,12.666666666666666,3.3333333333333335,312.6666666666667,0.3333333333333333,2.3333333333333335,0.449196682665386,0.8157730596667624,0.5277777777777778,0.23237179487179485,2.0,0.0,1.0,0.0,10.333333333333334,11.0,4.0,333.0,0.3333333333333333,0.6666666666666666,0.4604200111081429,0.7840873726982442,0.7666666666666666,0.3876123876123876
2516970,2460,2449,"March 9, 2018 at 8:30:00 PM GMT+1",Germany,0,2.6666666666666665,0.0,2.0,0.3333333333333333,16.333333333333332,10.333333333333334,6.666666666666667,295.3333333333333,1.3333333333333333,2.3333333333333335,0.4407015769473635,0.8065689619520265,0.5055555555555555,0.39006410256410257,4.333333333333333,0.0,1.3333333333333333,0.3333333333333333,11.333333333333334,13.666666666666666,4.0,321.0,1.3333333333333333,1.0,0.41737076231770454,0.8248656356436732,0.8888888888888888,0.35838779956427014
2517043,2460,2443,"May 12, 2018 at 3:30:00 PM GMT+2",Germany,0,2.6666666666666665,0.0,1.3333333333333333,0.3333333333333333,16.333333333333332,8.666666666666666,6.333333333333333,298.6666666666667,1.0,1.6666666666666667,0.4161919782311281,0.8135005144032922,0.5888888888888889,0.36923076923076925,5.0,0.0,1.3333333333333333,0.6666666666666666,13.0,15.0,7.666666666666667,360.6666666666667,2.3333333333333335,2.0,0.46068155503898195,0.8247119933120954,0.7142857142857143,0.5925925925925927
2516844,2460,2463,"November 18, 2017 at 3:30:00 PM GMT+1",Germany,1,1.6666666666666667,0.0,1.3333333333333333,0.3333333333333333,16.666666666666668,8.666666666666666,5.333333333333333,311.6666666666667,1.3333333333333333,1.6666666666666667,0.45727164475298415,0.809514403292181,0.4777777777777778,0.2904761904761905,4.0,0.0,2.0,0.3333333333333333,6.666666666666667,15.333333333333334,1.6666666666666667,437.0,0.6666666666666666,4.333333333333333,0.594772789519543,0.8567123761502118,0.48484848484848486,0.24523809523809526
2516808,2460,2450,"October 14, 2017 at 3:30:00 PM GMT+2",Germany,1,1.0,0.3333333333333333,0.6666666666666666,0.0,13.666666666666666,9.333333333333334,2.6666666666666665,328.0,0.6666666666666666,1.0,0.4984425252849321,0.8065311460623485,0.611111111111111,0.19805194805194803,4.333333333333333,0.0,1.6666666666666667,0.0,6.333333333333333,14.666666666666666,1.6666666666666667,287.3333333333333,0.0,3.6666666666666665,0.44711394224262974,0.7595034161466364,0.5202020202020202,0.16883116883116878
2516782,2460,2482,"September 20, 2017 at 8:30:00 PM GMT+2",Germany,0,0.6666666666666666,0.3333333333333333,0.3333333333333333,0.6666666666666666,12.666666666666666,10.333333333333334,2.6666666666666665,297.0,1.6666666666666667,1.3333333333333333,0.4704210756728058,0.791729735893584,0.4444444444444444,0.21728271728271728,5.0,0.0,3.0,1.0,15.333333333333334,14.666666666666666,5.333333333333333,397.6666666666667,1.6666666666666667,2.0,0.6303452647558041,0.8604208897790114,0.75,0.3317460317460317
2516790,2460,2457,"September 23, 2017 at 3:30:00 PM GMT+2",Germany,1,1.3333333333333333,0.3333333333333333,1.3333333333333333,1.0,14.666666666666666,11.666666666666666,4.333333333333333,286.0,2.0,1.6666666666666667,0.4534524699136888,0.7953855624518495,0.5,0.2934731934731935,2.6666666666666665,0.0,1.6666666666666667,0.3333333333333333,12.0,10.666666666666666,4.0,346.0,1.0,1.3333333333333333,0.504577628837322,0.8288215600795444,0.7333333333333334,0.35656565656565653
2516764,2460,2446,"September 9, 2017 at 3:30:00 PM GMT+2",Germany,1,1.3333333333333333,0.0,2.3333333333333335,1.0,13.666666666666666,9.666666666666666,4.333333333333333,248.66666666666666,2.0,1.6666666666666667,0.41533720845167615,0.7676269799190708,0.5,0.32756410256410257,2.0,0.0,1.6666666666666667,2.0,11.666666666666666,10.666666666666666,4.666666666666667,411.6666666666667,2.3333333333333335,1.0,0.5347322308615472,0.8547581217087644,0.6666666666666666,0.39898989898989895
2516933,2462,2463,"February 10, 2018 at 3:30:00 PM GMT+1",Germany,1,0.6666666666666666,0.3333333333333333,2.0,0.0,10.666666666666666,6.0,3.6666666666666665,343.6666666666667,0.0,1.6666666666666667,0.5068979081342729,0.8078870981605881,0.2222222222222222,0.34242424242424235,6.666666666666667,0.0,2.0,0.6666666666666666,10.333333333333334,19.666666666666668,1.6666666666666667,323.0,0.6666666666666666,1.6666666666666667,0.39570183119951835,0.7892065901934323,0.8055555555555557,0.15873015873015867
2516942,2462,2975,"February 19, 2018 at 8:30:00 PM GMT+1",Germany,1,1.6666666666666667,0.0,2.3333333333333335,1.0,11.0,7.333333333333333,5.333333333333333,366.3333333333333,1.3333333333333333,1.3333333333333333,0.5311099382980528,0.8265461423587546,0.4222222222222222,0.47373737373737373,4.0,0.3333333333333333,2.0,0.0,9.0,12.333333333333334,3.0,429.3333333333333,0.0,3.0,0.654135979642069,0.8178444928038506,0.565079365079365,0.3131313131313131
2516915,2462,2454,"January 26, 2018 at 8:30:00 PM GMT+1",Germany,1,1.0,0.0,3.3333333333333335,1.6666666666666667,11.666666666666666,8.0,4.666666666666667,357.0,2.0,1.3333333333333333,0.5254202089812112,0.8065728162629795,0.19999999999999998,0.3991452991452991,3.0,0.0,1.3333333333333333,0.0,14.0,13.333333333333334,5.0,427.6666666666667,0.6666666666666666,1.0,0.609663233921102,0.8332365913455048,0.7000000000000001,0.35555555555555557
2516978,2462,2460,"March 17, 2018 at 3:30:00 PM GMT+1",Germany,1,1.6666666666666667,0.0,4.333333333333333,2.3333333333333335,10.333333333333334,10.0,4.333333333333333,329.0,2.6666666666666665,1.0,0.5018498228045927,0.7906839023915216,0.5333333333333333,0.4102564102564102,2.6666666666666665,0.0,2.3333333333333335,0.6666666666666666,8.666666666666666,13.666666666666666,4.333333333333333,232.66666666666666,1.3333333333333333,1.6666666666666667,0.35536028363145933,0.7598068664173336,0.6666666666666666,0.5
2516960,2462,2455,"March 3, 2018 at 3:30:00 PM GMT+1",Germany,1,1.0,0.0,3.6666666666666665,1.6666666666666667,11.333333333333334,11.666666666666666,3.6666666666666665,332.6666666666667,2.3333333333333335,0.3333333333333333,0.4805590600312925,0.7991332695223236,0.6666666666666666,0.3213675213675214,7.666666666666667,0.0,2.0,0.3333333333333333,11.666666666666666,23.0,4.333333333333333,262.6666666666667,0.6666666666666666,2.3333333333333335,0.39738641213673215,0.7530741092993439,0.7685185185185185,0.38425925925925924
2517032,2462,2450,"May 5, 2018 at 3:30:00 PM GMT+2",Germany,1,1.6666666666666667,0.0,2.6666666666666665,1.3333333333333333,11.0,10.666666666666666,5.0,347.3333333333333,2.0,0.0,0.49739677602742755,0.8063530877657638,1.0,0.43888888888888894,4.0,0.0,1.3333333333333333,0.0,5.0,15.333333333333334,2.3333333333333335,198.66666666666666,0.0,2.6666666666666665,0.3243189128686618,0.6962391426959954,0.6555555555555556,0.2888888888888889
2516852,2462,2446,"November 25, 2017 at 3:30:00 PM GMT+1",Germany,0,2.3333333333333335,0.0,1.6666666666666667,1.0,13.666666666666666,10.0,7.666666666666667,305.3333333333333,2.3333333333333335,0.0,0.45421995592195596,0.7793750863074935,1.0,0.565873015873016,1.3333333333333333,0.3333333333333333,1.0,1.6666666666666667,12.666666666666666,9.333333333333334,4.0,445.0,2.0,1.3333333333333333,0.5322568737142953,0.8545278425003847,0.5,0.30476190476190473
2516834,2462,2443,"November 3, 2017 at 8:30:00 PM GMT+1",Germany,1,3.3333333333333335,0.0,3.0,0.6666666666666666,12.333333333333334,9.666666666666666,6.666666666666667,277.0,1.3333333333333333,0.3333333333333333,0.4342571158048247,0.7671251668042184,0.9333333333333332,0.5234487734487735,3.3333333333333335,0.0,1.0,1.0,14.0,14.333333333333334,6.0,353.3333333333333,1.6666666666666667,1.3333333333333333,0.5000745560623293,0.8041140591765571,0.5079365079365079,0.388034188034188
2516771,2462,2481,"September 16, 2017 at 3:30:00 PM GMT+2",Germany,0,4.666666666666667,0.0,2.0,1.0,12.0,11.0,5.666666666666667,284.6666666666667,1.6666666666666667,0.6666666666666666,0.43281182879130675,0.7774798851226564,0.8857142857142857,0.45021645021645024,2.0,0.0,1.6666666666666667,0.6666666666666666,9.333333333333334,12.666666666666666,3.6666666666666665,249.0,1.0,1.6666666666666667,0.3630517748508713,0.7736874409505162,0.5777777777777778,0.4166666666666667
2516798,2462,2445,"September 30, 2017 at 3:30:00 PM GMT+2",Germany,1,3.6666666666666665,0.0,2.0,1.0,15.333333333333334,10.666666666666666,4.666666666666667,364.0,1.0,1.3333333333333333,0.5579341548378541,0.8181162101854333,0.6634920634920635,0.30934343434343436,1.6666666666666667,0.0,1.0,0.3333333333333333,9.333333333333334,11.0,2.3333333333333335,416.3333333333333,0.3333333333333333,2.0,0.49225546757123145,0.835749784135387,0.4444444444444444,0.25
2516919,2463,2447,"February 2, 2018 at 8:30:00 PM GMT+1",Germany,0,4.333333333333333,0.0,2.3333333333333335,1.0,13.666666666666666,14.333333333333334,5.0,299.3333333333333,1.6666666666666667,2.3333333333333335,0.47386102052905593,0.754529693462085,0.6287878787878788,0.39651416122004357,4.0,0.0,1.0,1.6666666666666667,12.0,15.333333333333334,4.333333333333333,444.0,2.0,0.0,0.604028672219036,0.8417443862763113,0.6666666666666666,0.3448717948717948
2516894,2463,2454,"January 14, 2018 at 3:30:00 PM GMT+1",Germany,1,5.333333333333333,0.0,2.3333333333333335,1.0,13.0,16.0,5.0,270.6666666666667,2.0,2.3333333333333335,0.3672154401248145,0.7519320596556209,0.735930735930736,0.4080882352941176,3.0,0.0,1.0,0.0,14.666666666666666,14.0,6.333333333333333,436.6666666666667,0.3333333333333333,1.3333333333333333,0.5967247575964316,0.845000657593984,0.6666666666666666,0.41830065359477125
2516975,2463,2446,"March 18, 2018 at 3:30:00 PM GMT+1",Germany,1,4.666666666666667,0.0,2.0,1.3333333333333333,15.0,13.0,5.666666666666667,324.0,1.6666666666666667,1.3333333333333333,0.40602361653765057,0.825535059150898,0.8015873015873017,0.38031045751633985,3.0,0.0,1.3333333333333333,2.3333333333333335,15.0,10.0,4.666666666666667,381.3333333333333,2.6666666666666665,0.6666666666666666,0.5003317297732625,0.8462142565887175,0.7777777777777777,0.3207282913165265
2516956,2463,2445,"March 4, 2018 at 3:30:00 PM GMT+1",Germany,0,4.0,0.0,2.3333333333333335,1.3333333333333333,12.0,13.666666666666666,4.333333333333333,355.6666666666667,2.0,1.3333333333333333,0.4420638343819842,0.8191172669759023,0.8015873015873017,0.3680555555555556,3.3333333333333335,0.0,2.0,1.0,10.333333333333334,11.0,5.333333333333333,355.3333333333333,1.6666666666666667,1.3333333333333333,0.47058308538633115,0.8085051531931843,0.7424242424242425,0.5288461538461539
2517029,2463,2444,"May 5, 2018 at 3:30:00 PM GMT+2",Germany,0,3.0,0.0,2.0,1.3333333333333333,10.666666666666666,11.0,4.0,376.6666666666667,2.0,1.3333333333333333,0.4915419366595122,0.8117167030712733,0.6944444444444445,0.375,2.0,0.0,2.0,0.6666666666666666,13.666666666666666,10.0,3.6666666666666665,468.6666666666667,2.6666666666666665,1.0,0.610341575472096,0.8366782452859591,0.5714285714285715,0.2636165577342048
2516849,2463,2457,"November 26, 2017 at 6:00:00 PM GMT+1",Germany,0,3.3333333333333335,0.0,1.6666666666666667,0.6666666666666666,9.666666666666666,11.333333333333334,3.3333333333333335,373.3333333333333,1.6666666666666667,2.0,0.4710884699743067,0.8239580666662055,0.6388888888888888,0.34722222222222215,2.6666666666666665,0.0,2.6666666666666665,1.0,12.666666666666666,8.666666666666666,4.666666666666667,332.6666666666667,1.0,1.6666666666666667,0.499166531542546,0.8124741309441075,0.6222222222222223,0.3752136752136752
2516831,2463,2482,"November 5, 2017 at 3:30:00 PM GMT+1",Germany,0,4.0,0.0,1.3333333333333333,0.3333333333333333,12.0,11.666666666666666,3.0,389.0,1.0,2.6666666666666665,0.4969476003515574,0.8402111043993573,0.5436507936507936,0.2666666666666666,2.3333333333333335,0.0,2.0,0.6666666666666666,16.0,10.0,5.0,333.3333333333333,0.6666666666666666,1.6666666666666667,0.5724044119136719,0.7966664560210329,0.5416666666666666,0.29999999999999993
2516793,2463,2975,"October 1, 2017 at 6:00:00 PM GMT+2",Germany,0,5.333333333333333,0.0,2.3333333333333335,0.0,12.0,15.666666666666666,3.0,323.3333333333333,0.3333333333333333,2.6666666666666665,0.4010561422256462,0.8364911563811637,0.6686507936507936,0.26666666666666666,1.6666666666666667,0.0,1.6666666666666667,2.0,14.666666666666666,9.666666666666666,6.0,380.3333333333333,3.3333333333333335,2.0,0.5956832066987815,0.8491893638195581,0.4444444444444444,0.3911541889483066
2516775,2463,2462,"September 20, 2017 at 6:30:00 PM GMT+2",Germany,0,6.0,0.0,2.0,0.3333333333333333,14.0,17.666666666666668,4.0,333.6666666666667,0.3333333333333333,2.3333333333333335,0.45216623018580976,0.8194035386646151,0.7130952380952382,0.2888888888888889,2.6666666666666665,0.0,2.6666666666666665,1.3333333333333333,8.666666666666666,11.333333333333334,3.0,303.0,1.3333333333333333,1.6666666666666667,0.5294028506491362,0.7840120406795944,0.6222222222222222,0.3545454545454545
2516924,2481,2462,"February 4, 2018 at 3:30:00 PM GMT+1",Germany,1,3.6666666666666665,0.0,3.6666666666666665,0.6666666666666666,9.666666666666666,10.333333333333334,3.0,257.0,1.0,1.6666666666666667,0.42519569037414184,0.7628154465289613,0.753968253968254,0.25079365079365074,5.0,0.0,3.0,1.0,7.666666666666667,14.0,3.3333333333333335,304.0,1.3333333333333333,1.0,0.47166953532660744,0.7648817664314848,0.8333333333333334,0.4047619047619047
2516898,2481,2450,"January 13, 2018 at 3:30:00 PM GMT+1",Germany,1,3.3333333333333335,0.0,2.6666666666666665,0.3333333333333333,9.666666666666666,10.666666666666666,3.0,255.0,1.3333333333333333,1.6666666666666667,0.40326669601620463,0.7540649377784526,0.753968253968254,0.25079365079365074,2.3333333333333335,0.0,1.6666666666666667,0.3333333333333333,6.666666666666667,10.666666666666666,1.6666666666666667,269.6666666666667,0.3333333333333333,2.0,0.38092113589043536,0.77067864821655,0.5111111111111112,0.23928571428571424
2516979,2481,2443,"March 17, 2018 at 3:30:00 PM GMT+1",Germany,0,4.333333333333333,0.0,2.0,0.6666666666666666,12.666666666666666,10.0,4.333333333333333,288.0,1.3333333333333333,0.3333333333333333,0.48688735728209415,0.75593213391539,0.9444444444444445,0.3073412698412698,3.6666666666666665,0.0,1.6666666666666667,0.3333333333333333,9.333333333333334,12.333333333333334,4.333333333333333,415.3333333333333,1.3333333333333333,2.0,0.5083284002029503,0.8330391518456688,0.6507936507936507,0.4666666666666666
2516961,2481,2482,"March 3, 2018 at 3:30:00 PM GMT+1",Germany,0,6.0,0.0,1.3333333333333333,1.0,15.333333333333334,12.333333333333334,6.0,289.0,1.6666666666666667,1.0,0.44815178729652416,0.7695433891416851,0.923076923076923,0.39305555555555555,2.3333333333333335,0.0,2.3333333333333335,0.3333333333333333,9.333333333333334,15.0,4.333333333333333,429.6666666666667,1.0,3.0,0.5387351526760313,0.8395233323456855,0.4259259259259259,0.47222222222222215
2517033,2481,2449,"May 5, 2018 at 3:30:00 PM GMT+2",Germany,0,6.666666666666667,0.0,1.0,0.6666666666666666,13.0,14.666666666666666,4.333333333333333,321.3333333333333,0.6666666666666666,1.6666666666666667,0.5262928934067678,0.7767318583991196,0.8119658119658121,0.32083333333333336,3.6666666666666665,0.0,1.3333333333333333,0.0,10.333333333333334,14.333333333333334,3.3333333333333335,305.6666666666667,1.3333333333333333,0.0,0.4096869591115133,0.8030398484726176,1.0,0.3250544662309368
2516853,2481,2451,"November 25, 2017 at 3:30:00 PM GMT+1",Germany,1,6.333333333333333,0.0,1.3333333333333333,0.6666666666666666,11.666666666666666,15.666666666666666,4.333333333333333,374.0,0.6666666666666666,2.3333333333333335,0.5846923643062386,0.8014014949695117,0.7167277167277167,0.35555555555555557,3.6666666666666665,0.0,1.6666666666666667,0.3333333333333333,6.333333333333333,14.333333333333334,2.6666666666666665,345.6666666666667,0.6666666666666666,2.3333333333333335,0.496558503056451,0.8055876812051358,0.6428571428571428,0.3796296296296296
2516817,2481,2455,"October 21, 2017 at 3:30:00 PM GMT+2",Germany,0,3.6666666666666665,0.0,1.0,1.0,14.0,10.333333333333334,5.0,381.0,1.0,1.6666666666666667,0.6136196084457469,0.810410970452347,0.6825396825396824,0.3434343434343434,3.6666666666666665,0.0,2.3333333333333335,1.0,10.333333333333334,19.666666666666668,4.666666666666667,318.0,1.0,3.0,0.4296475995347462,0.7984968416896959,0.5555555555555555,0.4511784511784511
2516780,2481,2975,"September 19, 2017 at 8:30:00 PM GMT+2",Germany,1,3.3333333333333335,0.0,1.3333333333333333,1.0,16.0,8.0,6.0,355.6666666666667,1.3333333333333333,1.6666666666666667,0.5941410316747244,0.814142235518902,0.6603174603174603,0.3791486291486292,5.0,0.6666666666666666,2.3333333333333335,1.3333333333333333,10.333333333333334,17.333333333333332,5.666666666666667,246.0,1.6666666666666667,1.6666666666666667,0.34970409162955746,0.7799110340286811,0.75,0.5959595959595959
2516799,2481,2447,"September 30, 2017 at 3:30:00 PM GMT+2",Germany,0,2.3333333333333335,0.0,1.3333333333333333,1.0,15.666666666666666,8.333333333333334,6.0,276.6666666666667,1.3333333333333333,1.0,0.45955512283508426,0.7680815664434945,0.7555555555555555,0.3917748917748917,2.3333333333333335,0.3333333333333333,0.0,0.6666666666666666,11.333333333333334,8.666666666666666,5.333333333333333,342.0,2.0,2.0,0.6424029072551108,0.8124674710040564,0.6428571428571428,0.4728234728234728
2516762,2481,2463,"September 9, 2017 at 3:30:00 PM GMT+2",Germany,1,3.6666666666666665,0.0,2.3333333333333335,0.6666666666666666,11.666666666666666,11.333333333333334,5.0,216.66666666666666,1.0,1.3333333333333333,0.3818442240504039,0.7144554173117275,0.7833333333333333,0.4372294372294372,4.333333333333333,0.0,2.6666666666666665,0.0,10.0,18.666666666666668,2.3333333333333335,234.0,0.6666666666666666,3.0,0.34375295282461127,0.7550791758591417,0.5981481481481481,0.2841269841269841
2516875,2482,2445,"December 13, 2017 at 6:30:00 PM GMT+1",Germany,1,3.6666666666666665,0.0,1.6666666666666667,1.6666666666666667,17.0,11.666666666666666,5.0,389.3333333333333,2.0,0.3333333333333333,0.537592667468512,0.8233126150959298,0.9166666666666666,0.29567099567099564,4.666666666666667,0.0,1.6666666666666667,0.3333333333333333,6.666666666666667,14.666666666666666,1.0,277.0,0.3333333333333333,1.6666666666666667,0.4243948871126822,0.7765149930795321,0.7083333333333334,0.16666666666666666
2516902,2482,2446,"January 20, 2018 at 3:30:00 PM GMT+1",Germany,0,3.0,0.0,2.3333333333333335,1.6666666666666667,15.0,7.666666666666667,6.0,383.3333333333333,3.0,0.6666666666666666,0.5393223326493085,0.7948494391875637,0.7777777777777778,0.41893939393939394,4.0,0.0,1.6666666666666667,1.3333333333333333,17.0,10.0,4.0,357.0,1.6666666666666667,1.3333333333333333,0.47494524783517783,0.8541478775402566,0.7638888888888888,0.24453781512605036
2516966,2482,2451,"March 10, 2018 at 3:30:00 PM GMT+1",Germany,1,2.6666666666666665,0.0,2.6666666666666665,1.6666666666666667,15.666666666666666,10.0,6.333333333333333,335.6666666666667,3.0,2.0,0.4812738087584621,0.7917942406242067,0.5555555555555555,0.4352564102564102,4.666666666666667,0.0,3.0,0.0,8.666666666666666,15.0,3.6666666666666665,421.0,0.6666666666666666,1.3333333333333333,0.5541393124601438,0.8441586896259383,0.7583333333333333,0.4305555555555555
2516983,2482,2463,"March 31, 2018 at 3:30:00 PM GMT+2",Germany,1,1.3333333333333333,0.0,2.3333333333333335,1.3333333333333333,17.333333333333332,8.0,5.666666666666667,374.3333333333333,2.6666666666666665,2.0,0.5248906857086724,0.8203107489914613,0.5555555555555555,0.313034188034188,2.6666666666666665,0.0,2.3333333333333335,1.3333333333333333,9.666666666666666,12.0,3.0,349.6666666666667,1.6666666666666667,1.3333333333333333,0.5123500831497156,0.7912645505793906,0.6666666666666666,0.2962962962962963
2517037,2482,2447,"May 12, 2018 at 3:30:00 PM GMT+2",Germany,1,1.3333333333333333,0.0,1.3333333333333333,1.3333333333333333,15.333333333333334,7.666666666666667,6.333333333333333,345.6666666666667,3.3333333333333335,1.3333333333333333,0.43890383140656436,0.8301626903047552,0.7777777777777777,0.3917378917378917,5.333333333333333,0.0,1.6666666666666667,1.3333333333333333,11.0,19.0,3.6666666666666665,362.0,1.3333333333333333,2.6666666666666665,0.4524112521653179,0.8278645718404753,0.6166666666666667,0.30324074074074076
2516821,2482,2454,"October 28, 2017 at 3:30:00 PM GMT+2",Germany,0,1.6666666666666667,0.0,0.6666666666666666,1.3333333333333333,14.666666666666666,6.333333333333333,8.0,372.6666666666667,4.0,0.3333333333333333,0.4487384419349856,0.8618846137163366,0.9166666666666666,0.5572390572390572,6.0,0.0,0.6666666666666666,0.6666666666666666,9.666666666666666,16.333333333333332,5.0,397.3333333333333,2.3333333333333335,1.3333333333333333,0.4972185454514361,0.8604708620145934,0.8333333333333334,0.4967948717948718
2516787,2482,2449,"September 23, 2017 at 3:30:00 PM GMT+2",Germany,1,2.3333333333333335,0.0,1.0,1.0,15.333333333333334,10.0,8.0,386.3333333333333,3.3333333333333335,1.3333333333333333,0.4898156597363414,0.8666631684948914,0.75,0.5441671618142206,1.0,0.0,1.6666666666666667,0.6666666666666666,9.333333333333334,10.333333333333334,4.333333333333333,409.3333333333333,1.6666666666666667,0.3333333333333333,0.5404077794664838,0.8598466499247657,0.5,0.4666666666666666
2516757,2482,2444,"September 9, 2017 at 6:30:00 PM GMT+2",Germany,1,3.0,0.0,1.6666666666666667,1.0,13.333333333333334,13.333333333333334,6.333333333333333,398.0,2.0,1.3333333333333333,0.4914144090990363,0.8681609607535533,0.75,0.5071301247771837,3.3333333333333335,0.0,1.6666666666666667,1.6666666666666667,14.0,10.0,5.666666666666667,559.3333333333334,2.3333333333333335,0.3333333333333333,0.6689851461560034,0.879726849088141,0.9166666666666666,0.45555555555555555
2516884,2975,2457,"December 17, 2017 at 6:00:00 PM GMT+1",Germany,0,2.3333333333333335,0.3333333333333333,0.6666666666666666,2.0,18.333333333333332,11.0,7.333333333333333,383.6666666666667,2.3333333333333335,3.3333333333333335,0.5580835200208137,0.8338069647341598,0.4603174603174603,0.4001610305958132,3.3333333333333335,0.0,1.3333333333333333,1.0,7.666666666666667,11.333333333333334,4.0,279.6666666666667,1.3333333333333333,1.3333333333333333,0.3985719456097591,0.779549243373029,0.6944444444444443,0.5793650793650794
2516948,2975,2463,"February 25, 2018 at 6:00:00 PM GMT+1",Germany,0,2.3333333333333335,0.0,1.0,2.3333333333333335,20.333333333333332,9.0,8.0,417.0,2.3333333333333335,2.6666666666666665,0.6453957551596122,0.8207319119991873,0.4984126984126984,0.38349436392914654,6.333333333333333,0.0,1.0,0.3333333333333333,9.0,19.0,2.3333333333333335,262.0,0.6666666666666666,2.0,0.3242527498499655,0.7529715833701901,0.7685185185185185,0.2698412698412698
2516930,2975,2481,"February 9, 2018 at 8:30:00 PM GMT+1",Germany,1,2.3333333333333335,0.0,1.3333333333333333,2.0,19.666666666666668,8.666666666666666,7.666666666666667,467.3333333333333,2.3333333333333335,2.0,0.6846226864309054,0.8343012335331106,0.5555555555555555,0.3719202898550725,3.6666666666666665,0.0,2.0,1.0,12.0,12.0,4.0,294.0,1.6666666666666667,1.6666666666666667,0.509335318113756,0.7798371417658684,0.7000000000000001,0.3277777777777778
2516893,2975,2449,"January 13, 2018 at 6:30:00 PM GMT+1",Germany,1,2.3333333333333335,0.0,0.6666666666666666,0.6666666666666666,19.0,10.0,7.0,453.3333333333333,1.6666666666666667,1.6666666666666667,0.6358481916830707,0.8372551148696625,0.6666666666666666,0.35535714285714287,3.3333333333333335,0.0,2.6666666666666665,0.6666666666666666,8.0,10.666666666666666,3.3333333333333335,347.6666666666667,1.0,1.0,0.47542846074255235,0.828681226845284,0.7555555555555555,0.39484126984126977
2516974,2975,2444,"March 18, 2018 at 6:00:00 PM GMT+1",Germany,1,2.6666666666666665,0.0,1.0,1.0,17.0,10.333333333333334,6.666666666666667,388.6666666666667,2.0,1.0,0.5368896710333075,0.8379571627948296,0.7833333333333333,0.3958333333333333,1.3333333333333333,0.0,2.6666666666666665,0.6666666666666666,15.666666666666666,9.0,5.333333333333333,516.3333333333334,2.3333333333333335,0.6666666666666666,0.6865247215792234,0.8530471768374994,0.3333333333333333,0.352676563202879
2517028,2975,2451,"May 5, 2018 at 3:30:00 PM GMT+2",Germany,1,2.0,0.0,1.6666666666666667,1.0,16.666666666666668,9.333333333333334,8.0,319.6666666666667,2.3333333333333335,0.6666666666666666,0.4677658068179901,0.8166583726618725,0.75,0.48888888888888893,3.3333333333333335,0.0,3.0,0.0,7.333333333333333,14.333333333333334,2.3333333333333335,387.3333333333333,0.6666666666666666,2.0,0.5248483187563386,0.829737617598163,0.6333333333333333,0.3055555555555555
2516848,2975,2443,"November 25, 2017 at 3:30:00 PM GMT+1",Germany,1,2.6666666666666665,0.0,1.6666666666666667,2.3333333333333335,14.0,8.666666666666666,7.333333333333333,294.0,3.0,1.0,0.45179112380294834,0.7932852552989852,0.6833333333333332,0.5255189255189255,3.0,0.0,1.3333333333333333,1.3333333333333333,14.333333333333334,15.0,6.333333333333333,329.6666666666667,2.3333333333333335,2.0,0.45826903091374066,0.8114160152792422,0.42857142857142855,0.4102564102564102
2516830,2975,2455,"November 4, 2017 at 3:30:00 PM GMT+1",Germany,1,2.6666666666666665,0.0,1.0,1.3333333333333333,14.0,9.0,6.666666666666667,319.6666666666667,2.6666666666666665,0.6666666666666666,0.46209710684112526,0.7849378225969398,0.7666666666666666,0.4778998778998778,4.333333333333333,0.0,1.6666666666666667,0.6666666666666666,9.333333333333334,17.666666666666668,3.6666666666666665,334.0,0.6666666666666666,2.6666666666666665,0.4763840643527051,0.8056482301638673,0.6190476190476191,0.35858585858585856
2516811,2975,2445,"October 21, 2017 at 3:30:00 PM GMT+2",Germany,1,3.3333333333333335,0.0,0.3333333333333333,2.0,15.0,9.0,6.0,375.3333333333333,2.6666666666666665,0.6666666666666666,0.5503550323566685,0.7965230125890085,0.85,0.4149369149369149,6.0,0.3333333333333333,1.6666666666666667,1.0,6.0,15.333333333333334,4.333333333333333,178.0,2.6666666666666665,2.0,0.2448613690310657,0.7314899227828774,0.7083333333333334,0.7222222222222222
2516786,2975,2462,"September 23, 2017 at 3:30:00 PM GMT+2",Germany,1,2.6666666666666665,0.0,0.3333333333333333,0.6666666666666666,15.333333333333334,8.666666666666666,5.0,433.6666666666667,1.6666666666666667,0.3333333333333333,0.6007678411493657,0.8209177623142097,0.9166666666666666,0.33068783068783064,4.333333333333333,0.0,2.0,0.6666666666666666,8.0,12.0,2.6666666666666665,302.6666666666667,1.0,0.6666666666666666,0.4992447360849921,0.7985177218944185,0.8222222222222223,0.3378787878787879
