matchID,team1_ID,team2_ID,tournament,closeness_centrality_T1,closeness_centrality_T2,degree_centrality_T1,degree_centrality_T2,betweenness_centrality_T1,betweenness_centrality_T2,eigenvector_centrality_T1,eigenvector_centrality_T2,clustering_T1,clustering_T2,avg_shortest_path_T1,avg_shortest_path_T2,centroid_y_T1,centroid_x_T1,centroid_y_T2,centroid_x_T2,winner
2576335,3162,3161,Italy,0.790266551630188,0.8335565949202313,1.4181818181818182,1.563636363636364,0.032323232323232316,0.024242424242424242,0.2932197261066376,0.29575857969462854,0.7298143709530599,0.8259611681572832,1.290909090909091,1.2181818181818183,45.612145258405604,45.78289358147177,48.2434312102901,45.93765305165129,0
2576336,3315,3158,Italy,0.8968909878000787,0.8991311718584445,1.7454545454545454,1.7636363636363634,0.014141414141414142,0.013131313131313133,0.29900108240145956,0.30034105752701507,0.877619219347534,0.9104499468427799,1.1272727272727272,1.1181818181818182,50.3270037433013,45.88260112778032,47.55496828752643,44.95529551672678,0
2576329,3173,3172,Italy,0.8511185783913057,0.8391154300245209,1.6181818181818182,1.5818181818181818,0.021212121212121213,0.023232323232323236,0.29649785970233095,0.2962486656325031,0.8152628832485916,0.8107488984377238,1.190909090909091,1.209090909090909,50.95586336608008,46.01594092182327,51.39715158624977,49.06607943976833,1
2576330,3165,3219,Italy,0.7811287595976592,0.8420964062675292,1.4000000000000001,1.5818181818181818,0.03434343434343434,0.023232323232323236,0.2904532769291847,0.2937758824710351,0.7473271024669826,0.8466057801432819,1.309090909090909,1.209090909090909,49.71895472948104,43.14021417179312,52.12657279311179,49.90914157943651,1
2576331,3163,3166,Italy,0.8676475040111403,0.9258166076347895,1.6727272727272728,1.8181818181818181,0.018181818181818184,0.0101010101010101,0.2991822271676376,0.2994960703808643,0.8385887342087618,0.9142582418546842,1.1636363636363636,1.0909090909090908,48.4524743265772,47.171018309176205,47.904342708600616,48.65104069800637,1
2576332,3187,3197,Italy,0.8726425090061454,0.8936215299851663,1.6727272727272728,1.7272727272727273,0.01818181818181818,0.015151515151515148,0.29650585455320405,0.29814658829609225,0.8368294863333869,0.8792808892132066,1.1636363636363636,1.1363636363636365,48.52613274670725,48.86989365428808,49.03441274582543,39.76788387178265,1
2576333,3157,3176,Italy,0.8234000847637212,0.8384040202222022,1.5454545454545454,1.5818181818181818,0.02525252525252525,0.02323232323232323,0.2966942945081197,0.2962124729415255,0.816516377524605,0.7838909620028937,1.2272727272727273,1.209090909090909,53.3525414209126,46.2982204888257,51.11280539237457,44.28639043562094,1
2576337,3204,3164,Italy,0.7858967189110729,0.8162699599865374,1.4000000000000001,1.4909090909090907,0.03434343434343434,0.028282828282828285,0.28831211872304113,0.2900752310572385,0.7395597505436634,0.7679973264243549,1.309090909090909,1.2545454545454546,51.935180972790995,47.43993121652707,49.74164400297189,49.46038424370826,1
2576338,3193,3185,Italy,0.8978285529087667,0.9244391971664698,1.7272727272727273,1.8181818181818181,0.01515151515151515,0.0101010101010101,0.29471993637497274,0.29963909596647237,0.8935093984516006,0.9178675998185003,1.1363636363636365,1.0909090909090908,50.92405982819411,53.11651720727156,49.80306694597543,40.57462392809518,0
2576334,3159,3194,Italy,0.7497153025227892,0.8569460842188115,1.290909090909091,1.6363636363636365,0.0393939393939394,0.020202020202020204,0.2906060928820606,0.29753433971460347,0.6674140041554084,0.8333833083395056,1.3545454545454545,1.1818181818181819,48.13451174244607,48.102713280603034,49.04854607583991,43.577122756453605,1
2576322,3158,3159,Italy,0.8712650985378257,0.8442580147125601,1.6727272727272728,1.581818181818182,0.01818181818181818,0.02323232323232323,0.2964747086316352,0.29530472094340116,0.8443957864075903,0.820631350667258,1.1636363636363636,1.209090909090909,47.792076085276406,47.96210229242999,50.890252350276,44.35915952589405,0
2576325,3164,3187,Italy,0.8044833953924863,0.8821431094158366,1.4727272727272727,1.6727272727272726,0.029292929292929294,0.01818181818181818,0.29519618670738085,0.2921628555607755,0.7718860855085649,0.9030832262685333,1.2636363636363637,1.1636363636363636,47.61397731285252,41.26084076584926,48.64622288079667,45.0761105020651,0
2576324,3172,3157,Italy,0.8547626615808436,0.8549329458420369,1.6181818181818182,1.6363636363636365,0.02121212121212121,0.0202020202020202,0.2943907921174333,0.29878160485620503,0.8277605329566694,0.830311632678831,1.190909090909091,1.1818181818181819,50.64689887802556,50.8686729805391,50.133511995308716,45.16584190554312,0
2576319,3176,3173,Italy,0.9092876820149546,0.7778727511347832,1.781818181818182,1.3636363636363635,0.012121212121212121,0.03535353535353535,0.29980055520126603,0.2882972940401362,0.9255950222052348,0.7280059490065214,1.1090909090909091,1.3181818181818181,52.40370044784624,47.77837778133303,51.28189731552903,47.49272544732903,0
2576320,3166,3165,Italy,0.786678339485826,0.8450480001282141,1.4000000000000004,1.581818181818182,0.03333333333333333,0.02323232323232323,0.2913388698540404,0.2933509471761686,0.7229823724970048,0.8585093308081162,1.3,1.209090909090909,50.166300070241846,49.02954737092693,54.202934891905485,46.062378079436904,0
2576323,3197,3162,Italy,0.7710916534445946,0.8467895740623012,1.4,1.6181818181818182,0.03434343434343435,0.021212121212121217,0.29680297446270426,0.2987060892899184,0.7099341830926313,0.8483343475259048,1.309090909090909,1.190909090909091,49.71633972088518,42.00746235657578,48.24918078194567,48.50974800663776,0
2576327,3185,3204,Italy,0.8499379408470318,0.8409620682347954,1.6181818181818186,1.6,0.02121212121212121,0.022222222222222223,0.2981715946637821,0.29842689151025786,0.8129677126739469,0.8143519676095969,1.190909090909091,1.2,49.98307465373625,48.643136020526136,50.434769540147116,45.39273673186717,1
2576328,3194,3163,Italy,0.8125775739412102,0.8628000787091696,1.4909090909090912,1.6363636363636365,0.028282828282828285,0.0202020202020202,0.2942391886811092,0.2957539214799794,0.7743652997712919,0.8612310349254031,1.2545454545454546,1.1818181818181819,51.34913924027166,48.666553439109705,51.586343933843935,47.38565157065157,0
2576326,3161,3315,Italy,0.8349075167256985,0.8588684043229499,1.5818181818181818,1.6363636363636365,0.02323232323232323,0.0202020202020202,0.297720199552947,0.2975704790534242,0.8250822271390494,0.8367602058109757,1.209090909090909,1.1818181818181819,47.718759756426564,52.68064179367289,50.901085328004406,40.03741183867562,0
2576321,3219,3193,Italy,0.7607443061988516,0.8235060394151305,1.3272727272727272,1.5272727272727276,0.03939393939393939,0.026262626262626262,0.28886149378007053,0.29570050083352234,0.752269220528353,0.8093930367250614,1.3545454545454545,1.2363636363636363,47.497644419452556,43.73519240168833,48.28321690074523,46.87294803625045,1
2576316,3173,3158,Italy,0.8402960675687947,0.8619965892693165,1.6000000000000005,1.6181818181818182,0.022222222222222223,0.021212121212121213,0.2990184064372146,0.29034782131000336,0.8211140827634008,0.8489409227259721,1.2,1.190909090909091,55.56658253458538,48.636731182058504,48.3638104918213,45.85830368378625,0
2576317,3315,3164,Italy,0.8478756092392455,0.8413556140828867,1.6,1.6,0.022222222222222223,0.02222222222222222,0.29635805449504143,0.2982289334545063,0.835148156636304,0.8174168016832806,1.2,1.2,48.22349692948774,45.708336696978726,52.03385454406553,44.05064807377976,1
2576309,3162,3172,Italy,0.8809069718160629,0.756555684363171,1.6909090909090911,1.2727272727272727,0.01717171717171717,0.0404040404040404,0.2976272737067982,0.28585248889961207,0.8664250891174611,0.7083442028930164,1.1545454545454545,1.3636363636363635,46.69841781818896,46.60933309814163,51.5716520844527,44.26552020821865,0
2576310,3204,3219,Italy,0.7323895066348626,0.9259641873278237,1.2424242424242424,1.8,0.03863636363636363,0.011111111111111112,0.27926373245138253,0.296845691291899,0.6949650070934132,0.9337822671156004,1.3863636363636365,1.1,50.1998532833461,43.08903698640541,51.97514238475421,47.55901248003424,1
2576312,3165,3197,Italy,0.7257750484035069,0.8688281415554143,1.2363636363636366,1.6727272727272728,0.047474747474747475,0.01818181818181818,0.2865226057763832,0.2985101556802441,0.6821548642706737,0.8529953739011797,1.4272727272727272,1.1636363636363636,54.8291999914133,46.461902346508765,50.135687931346,48.22195819767767,1
2576313,3193,3176,Italy,0.8119115732752097,0.8107145379872651,1.4909090909090912,1.4909090909090907,0.028282828282828285,0.02929292929292929,0.2944599494042915,0.28821110707345327,0.7970474581321322,0.7583181410951236,1.2545454545454546,1.2636363636363637,50.81663531313966,46.623364752737146,53.355559751855935,49.26685239729748,0
2576318,3187,3185,Italy,0.8325765143946963,0.8459107737182603,1.5636363636363635,1.581818181818182,0.024242424242424242,0.02323232323232323,0.29735575076691306,0.2939452450369781,0.8224569865635428,0.8066533338545909,1.2181818181818183,1.209090909090909,47.74000690810323,51.213464039513724,51.2303454687374,39.93636844965398,0
2576315,3163,3161,Italy,0.8365119728756093,0.8619410892138165,1.581818181818182,1.6545454545454548,0.02323232323232323,0.01919191919191919,0.29734198095941483,0.29831805545549134,0.8000110900010289,0.8591454785958035,1.209090909090909,1.1727272727272726,48.7769383536429,46.20525065354611,50.44670729775566,48.33892411539463,0
2576311,3159,3166,Italy,0.863318499682136,0.81719795356159,1.6545454545454548,1.5272727272727273,0.01919191919191919,0.026262626262626265,0.2983750066407331,0.29742584067965167,0.8717800781911709,0.768947561385507,1.1727272727272726,1.2363636363636363,47.65221482535196,48.03523599049651,51.96196944289052,44.67084132291767,1
2576314,3157,3194,Italy,0.7603902336522658,0.8782269423980654,1.3454545454545455,1.6727272727272728,0.03737373737373738,0.018181818181818184,0.29348485120076556,0.2938076438910679,0.6474823857413883,0.864062047826399,1.3363636363636364,1.1636363636363636,51.32409989847741,49.8048363764676,49.92039867783383,44.47289648399356,1
2576303,3185,3162,Italy,0.8393841007477371,0.7960532290675832,1.563636363636364,1.4363636363636365,0.024242424242424246,0.03232323232323232,0.29477549833102856,0.2904430234381858,0.848425899835081,0.7899610772704162,1.2181818181818183,1.290909090909091,52.111499994822786,44.5590845738369,48.66602218355806,47.52578529126376,0
2576305,3176,3187,Italy,0.8291548024168346,0.804313111131293,1.5454545454545459,1.4727272727272729,0.02525252525252526,0.029292929292929294,0.29522914513444715,0.29565588153932376,0.8144288761031375,0.7940338011212448,1.2272727272727273,1.2636363636363637,51.938178863615924,46.02161862332382,48.01834088006502,43.469193394020984,1
2576299,3164,3173,Italy,0.823131414040505,0.8687070505252322,1.5454545454545459,1.6727272727272728,0.025252525252525252,0.018181818181818184,0.2987747472638387,0.2982291551056616,0.8152542738341141,0.8349620476789404,1.2272727272727273,1.1636363636363636,51.788408432278054,45.4993938625069,51.603882938796296,43.003503245742415,1
2576301,3172,3193,Italy,0.847213392667938,0.8232525050706869,1.6,1.5454545454545459,0.02222222222222222,0.02525252525252525,0.29705160035874134,0.2974951988768865,0.8209218332751017,0.7734633177485318,1.2,1.2272727272727273,49.200228359917745,47.64084622275818,51.14725787910761,43.70949036689375,1
2576304,3166,3157,Italy,0.9106650924832742,0.8054983294217745,1.781818181818182,1.4545454545454546,0.012121212121212121,0.030303030303030307,0.29915677122334045,0.2894092689900964,0.8859353230581678,0.8219398988553345,1.1090909090909091,1.2727272727272727,48.61192783405881,48.6560262230759,52.54106084418318,43.8815806073234,0
2576307,3194,3204,Italy,0.9170375079465988,0.7414668664668664,1.781818181818182,1.2727272727272727,0.012121212121212123,0.04040404040404041,0.2979303158162373,0.2952279198498911,0.9010012775533803,0.6494439343536916,1.1090909090909091,1.3636363636363635,51.90549428027689,42.13214107953238,51.32221442284754,51.556305047035565,0
2576308,3219,3163,Italy,0.8341498074118394,0.8296249205340114,1.563636363636364,1.563636363636364,0.024242424242424242,0.024242424242424242,0.29450495171959185,0.2977125747376291,0.8113311721587549,0.7955561554446887,1.2181818181818183,1.2181818181818183,52.60904169237749,42.97898382758822,51.684839659740845,47.90397733201587,0
2576306,3197,3315,Italy,0.844231526049708,0.86902491447946,1.581818181818182,1.6545454545454545,0.02323232323232323,0.01919191919191919,0.293176722959595,0.2964497106503678,0.8147603712968582,0.8580397508782505,1.209090909090909,1.1727272727272726,45.344918199331666,45.33463811312351,51.228784887137834,50.35046320686053,1
2576302,3161,3159,Italy,0.8006955166046076,0.8409885568976478,1.4545454545454548,1.5999999999999999,0.030303030303030307,0.023232323232323236,0.292603389969662,0.2968643492641403,0.7575984172213764,0.821091040461929,1.2727272727272727,1.209090909090909,47.36009645896313,43.475449809810314,50.921289428998165,48.10114226410083,0
2576300,3158,3165,Italy,0.8630754272465502,0.8107410266501176,1.6363636363636365,1.4727272727272727,0.0202020202020202,0.030303030303030307,0.294437771464278,0.2877071330443064,0.8704216197386742,0.7504492622936879,1.1818181818181819,1.2727272727272727,52.209725584599845,42.49323721724225,51.64043813220524,47.36516951397855,1
2576293,3193,3194,Italy,0.885357067175249,0.8014863923954834,1.7090909090909092,1.4727272727272729,0.016161616161616158,0.02929292929292929,0.29815381048491707,0.2971556133870354,0.8879984195727519,0.7354474988813188,1.1454545454545455,1.2636363636363637,47.941768673330145,51.02376567552838,52.01076277376146,42.55012559131239,1
2576295,3159,3187,Italy,0.8423394787031152,0.8158470317561225,1.6,1.4909090909090912,0.022222222222222223,0.028282828282828285,0.29820649124634757,0.29381595195442184,0.8041402904073597,0.7778625166031117,1.2,1.2545454545454546,49.89147621236011,41.029460017580575,47.49356103212156,50.98884411734361,0
2576291,3163,3197,Italy,0.7808353262898717,0.8332879241970151,1.4000000000000001,1.5454545454545454,0.03434343434343435,0.02727272727272727,0.2917348230455068,0.288925831781062,0.716077621672312,0.8518424759426458,1.309090909090909,1.2454545454545454,50.058841550954,48.069050569247764,49.03813860453625,45.09666948250954,0
2576294,3165,3161,Italy,0.7962189325825689,0.8829201101928373,1.4545454545454548,1.7090909090909092,0.03232323232323232,0.01616161616161616,0.29237046787588816,0.29803292336829174,0.7541844706482471,0.8603376711578897,1.290909090909091,1.1454545454545455,53.03549198613312,47.961582113822594,50.701591157582925,45.157022306216255,0
2576297,3162,3164,Italy,0.7285601161199247,0.8770926043653315,1.2363636363636366,1.6909090909090911,0.044444444444444446,0.017171717171717168,0.291692973353382,0.29851227970592736,0.630250080604089,0.8889337756444031,1.4,1.1545454545454545,47.129516172385074,46.15600683150739,51.184562563948425,43.96743564404569,1
2576298,3172,3185,Italy,0.8410368597534372,0.8584710743801653,1.5818181818181818,1.6363636363636367,0.02323232323232323,0.020202020202020204,0.29484937827348656,0.2964478100373746,0.8115980998834359,0.8255445054622723,1.209090909090909,1.1818181818181819,51.78554986462978,48.98021739949525,50.758426665087285,43.7618844877647,1
2576290,3173,3166,Italy,0.8430016952744225,0.8497676565858384,1.581818181818182,1.6,0.023232323232323236,0.022222222222222223,0.2937969834539778,0.29425256218454515,0.7957684779577618,0.8439616034832311,1.209090909090909,1.2,48.290256635483324,48.94572001803079,48.85839574170082,45.74005165023587,0
2576289,3157,3219,Italy,0.7952909390075166,0.8341305159486978,1.4545454545454548,1.5636363636363635,0.03131313131313132,0.025252525252525252,0.29350220329157417,0.2925661333248893,0.7936554272182822,0.8191272521888407,1.2818181818181817,1.2272727272727273,48.412015862477865,53.33213980132566,49.54564729742999,35.91863534268033,0
2576292,3315,3176,Italy,0.8196349105440014,0.8153059062149972,1.5272727272727273,1.5090909090909093,0.026262626262626262,0.02727272727272727,0.2974509466051121,0.2960648072602648,0.8126915183705786,0.7936702143640276,1.2363636363636363,1.2454545454545454,48.63813782685089,43.95323735096251,49.87458024103339,46.754683090228696,1
2576296,3204,3158,Italy,0.8077629441265806,0.8509974873611236,1.4727272727272729,1.6181818181818182,0.029292929292929294,0.021212121212121213,0.2912937508587952,0.2981056372382849,0.8307543906118873,0.8350166294617064,1.2636363636363637,1.190909090909091,49.542772530499796,40.114338187065464,47.48393177432119,47.64891282212634,0
2576280,3164,3166,Italy,0.8009225622861986,0.886416613689341,1.4727272727272729,1.7272727272727273,0.029292929292929284,0.015151515151515154,0.2970336842825232,0.30012243506504055,0.7660188960170214,0.8876878753498382,1.2636363636363637,1.1363636363636365,48.23804999765151,50.08211854769729,46.38257393960667,46.522732442990986,1
2576282,3204,3165,Italy,0.8524959888596251,0.8060432390575932,1.6363636363636367,1.4545454545454546,0.0202020202020202,0.0303030303030303,0.2995374060523416,0.2896380931333575,0.8239717551277472,0.8667453882842686,1.1818181818181819,1.2727272727272727,53.57832031703824,45.542775011367866,50.92867687829866,47.81039309795954,0
2576283,3158,3193,Italy,0.8075825689462054,0.8385515999152364,1.4909090909090912,1.581818181818182,0.028282828282828285,0.02323232323232323,0.2956665379756898,0.29631476238528376,0.7939053282971696,0.8278569429094492,1.2545454545454546,1.209090909090909,49.229786420744354,50.19291340801965,50.99846330023392,43.15213255186032,1
2576284,3197,3159,Italy,0.8136371204553022,0.8272434636071,1.5090909090909093,1.5454545454545459,0.027272727272727268,0.026262626262626262,0.295655991298702,0.2937855723385088,0.7984730773147152,0.8099820067266843,1.2454545454545454,1.2363636363636363,48.222025331871876,49.95468702227014,50.6540289098411,47.6705345545743,0
2576285,3176,3162,Italy,0.898098114007205,0.8189235007416826,1.7272727272727273,1.5272727272727273,0.015151515151515154,0.026262626262626265,0.29594720578448397,0.2956525569636002,0.8908752702099723,0.7824992028272392,1.1363636363636365,1.2363636363636363,48.44045431692491,40.73106652705583,52.69312231502804,49.631003225685824,0
2576286,3185,3157,Italy,0.9008264462809918,0.7501029931859972,1.7454545454545454,1.3090909090909089,0.014141414141414142,0.04242424242424243,0.29754853210176724,0.286971669540983,0.8753800823788415,0.7125501897602158,1.1272727272727272,1.3818181818181818,50.0839946752551,47.10302010038805,49.106868604848906,46.861454568966884,0
2576287,3194,3315,Italy,0.8687070505252322,0.8499379408470316,1.6727272727272726,1.6,0.01818181818181818,0.022222222222222223,0.2982283106327874,0.2954284810643361,0.8354567532749894,0.821757083776048,1.1636363636363636,1.2,54.021356680613714,44.679967050377144,49.22355395619025,46.07557969418403,0
2576288,3187,3163,Italy,0.7998819362455727,0.8285653740199195,1.4545454545454546,1.5636363636363635,0.03333333333333333,0.024242424242424242,0.2875957387829459,0.2983022565952725,0.781574560292809,0.775601860220383,1.3,1.2181818181818183,47.205808622051975,46.31273982152347,50.371406746668875,46.12875252613512,1
2576279,3219,3172,Italy,0.8726425090061454,0.7634133543224452,1.6727272727272726,1.3272727272727276,0.018181818181818184,0.03737373737373738,0.2977205439523878,0.29132393388020983,0.8727715604893248,0.7106048020421188,1.1636363636363636,1.3363636363636364,47.1421320747676,46.16852010480889,51.9697367084852,47.06692880247497,0
2576281,3161,3173,Italy,0.8468160627251536,0.7706943235018101,1.6,1.3636363636363635,0.022222222222222223,0.03535353535353535,0.2960947017305094,0.29375998367143297,0.8184346986439298,0.7156998324763563,1.2,1.3181818181818181,49.66570409175424,48.48815840502152,49.209871398652126,39.27757067310772,1
2576274,3162,3158,Italy,0.8531582054309328,0.8860192837465563,1.6181818181818182,1.7090909090909094,0.021212121212121213,0.016161616161616165,0.2957659088988178,0.29722530232093364,0.8215015156116912,0.8819939958174234,1.190909090909091,1.1454545454545455,47.992691579860974,44.74002877739966,50.617151102865385,48.37261032618176,0
2576275,3159,3164,Italy,0.8352093539259314,0.7229739957012684,1.5636363636363635,1.2181818181818185,0.024242424242424242,0.04646464646464646,0.2950571182268345,0.2889196548605764,0.8646897299930921,0.6635912365254881,1.2181818181818183,1.4181818181818182,49.57167204850379,41.926515755238775,49.065304842971415,48.37909390060738,1
2576269,3315,3219,Italy,0.8034078221243998,0.8795295613477431,1.4727272727272727,1.6909090909090911,0.029292929292929294,0.017171717171717168,0.29400823361904743,0.2970516049070375,0.7905087020668802,0.8640353596999595,1.2636363636363637,1.1545454545454545,46.16429350813198,48.52479736033275,55.57581923639236,41.24065161891249,0
2576271,3166,3194,Italy,0.8587170405352225,0.8514364423455333,1.6363636363636365,1.6181818181818182,0.020202020202020207,0.02121212121212121,0.2963912494403133,0.29731252428302707,0.8225099253922021,0.8267753305621302,1.1818181818181819,1.190909090909091,48.33887080791146,49.164238567889555,51.03384677180049,45.43392726828526,1
2576273,3157,3187,Italy,,,,,,,,,,,,,51.79399657028245,42.15467258021086,47.79549815143859,51.99855766958692,0
2576276,3176,3204,Italy,,,,,,,,,,,,,53.20575559481526,51.733181258130706,49.75788443510967,42.42376923460193,0
2576272,3172,3161,Italy,,,,,,,,,,,,,50.54024875948622,48.03542292688462,50.88845372671447,42.24368037997369,0
2576270,3193,3197,Italy,,,,,,,,,,,,,54.44657219425895,48.1953893953045,51.84426751628814,47.49461772418227,1
2576277,3165,3185,Italy,,,,,,,,,,,,,49.24341920189983,45.59980518136046,48.02209259608198,47.54012112430119,0
2576278,3173,3163,Italy,,,,,,,,,,,,,52.71918066033069,51.41168659589361,49.603053082183514,47.45385387559301,1
2576268,3157,3315,Italy,,,,,,,,,,,,,53.83261462727989,51.431636755121716,51.14987071673674,40.41159562128462,0
2576267,3163,3162,Italy,,,,,,,,,,,,,49.35557928155891,48.3322429089664,48.30982593353596,48.85334042624867,0
2576260,3197,3166,Italy,,,,,,,,,,,,,48.32432292716287,45.42012149215421,51.90540568493138,47.12961429655105,1
2576261,3194,3173,Italy,,,,,,,,,,,,,54.83943371885955,46.19974749333601,51.14806965669416,51.50075838817747,1
2576262,3187,3165,Italy,,,,,,,,,,,,,46.274066483618235,54.52219795126155,53.35399021268586,35.34050991279252,1
2576265,3185,3161,Italy,,,,,,,,,,,,,49.26679132523052,40.901743517623736,50.43491145335168,47.12904625853002,1
2576264,3164,3193,Italy,,,,,,,,,,,,,47.01525152127682,48.528776832198126,49.45374223983677,46.05307980488463,0
2576259,3204,3172,Italy,,,,,,,,,,,,,52.22969574269339,43.49650554583924,51.50401176369658,48.929546893064256,0
2576263,3158,3176,Italy,,,,,,,,,,,,,49.13985332128189,54.976107136479804,55.941087892125445,37.021695904008155,0
2576266,3219,3159,Italy,,,,,,,,,,,,,52.18999565221084,49.73738313399131,51.87227386169778,46.92773625786105,0
2576221,3185,3197,Italy,,,,,,,,,,,,,46.64202002238397,44.1942196514784,46.946266565979734,48.51556071299226,1
2576224,3157,3161,Italy,,,,,,,,,,,,,48.074880910199106,44.33367726605668,49.48629160480941,49.49272620013684,0
2576228,3165,3315,Italy,,,,,,,,,,,,,51.32872760940302,46.64917081242962,49.45050994962322,47.53098139782923,0
2576223,3219,3194,Italy,,,,,,,,,,,,,50.02853148197701,48.64774743767048,49.36898707353253,43.771949342523506,1
2576220,3193,3173,Italy,,,,,,,,,,,,,50.664886206766305,46.827749657931896,51.08934499737593,45.20970910296732,1
2576222,3163,3176,Italy,,,,,,,,,,,,,55.72952554391173,50.95844661049264,54.34457517115467,46.43553858624329,0
2576227,3172,3164,Italy,,,,,,,,,,,,,48.47549716716294,46.01148253590608,53.78963362118857,44.33090090268082,0
2576252,3159,3157,Italy,,,,,,,,,,,,,50.1004636669905,46.421330604056955,52.23806097322441,48.32596270424722,1
2576253,3315,3187,Italy,,,,,,,,,,,,,50.69705984746092,42.86872389345651,48.7381364922484,52.79049614667962,0
2576255,3165,3164,Italy,,,,,,,,,,,,,46.75533648981684,44.29486607943952,49.41576915937267,47.21307200311591,1
2576249,3162,3219,Italy,,,,,,,,,,,,,49.5164002090281,54.102066370127176,51.37779834962902,37.627586716296676,1
2576250,3176,3197,Italy,,,,,,,,,,,,,50.69048860611729,45.742994851040756,47.88089258044989,48.15777684559971,1
2576251,3161,3194,Italy,,,,,,,,,,,,,47.36928725224761,45.92920157527894,50.5789850953644,42.30379419431143,1
2576256,3193,3204,Italy,,,,,,,,,,,,,48.06100996427083,53.01867713606844,43.79466711553803,40.39230540463424,0
2576257,3173,3185,Italy,,,,,,,,,,,,,48.1977453102453,47.42579365079364,48.12878611689425,44.68648190769874,0
2576258,3172,3163,Italy,,,,,,,,,,,,,50.533988094368624,50.94787504549388,50.81942587338356,39.71145598132276,1
2576254,3166,3158,Italy,,,,,,,,,,,,,49.309691984585875,43.295011221878795,49.98002027737852,54.0540629979409,0
2576240,3162,3166,Italy,,,,,,,,,,,,,52.835300824735675,52.73107642336561,49.65008559032173,39.448545280930965,0
2576244,3187,3193,Italy,,,,,,,,,,,,,48.07864005316739,50.97620649432433,46.87601591812822,42.20439680640215,1
2576239,3194,3172,Italy,,,,,,,,,,,,,49.760499826788674,41.57899873283773,50.972508712693404,48.130766559522996,0
2576241,3219,3173,Italy,,,,,,,,,,,,,51.7976611957575,42.60142385568477,48.94841087023872,49.43162514705035,0
2576242,3157,3165,Italy,,,,,,,,,,,,,53.108817015098026,50.62451838833815,50.64339528287804,41.8443566203911,1
2576243,3185,3176,Italy,,,,,,,,,,,,,54.80888529213494,43.82651652616763,52.66580313630456,47.205066935058646,0
2576247,3197,3158,Italy,,,,,,,,,,,,,47.25775601210384,43.44944682598668,50.17813050830122,48.52911058569134,0
2576245,3164,3161,Italy,,,,,,,,,,,,,50.91081280475046,45.33702245448233,53.008326065309355,42.718588082732715,0
2576246,3204,3159,Italy,,,,,,,,,,,,,51.869746948120266,40.23680173156372,47.77479341848591,50.01205309927434,0
2576248,3163,3315,Italy,,,,,,,,,,,,,49.29667306814352,45.35620760933065,49.70425884422675,48.8724117213718,0
2576209,3159,3172,Italy,,,,,,,,,,,,,44.797938618657305,42.223237282960525,49.46895483242975,49.61954403123307,1
2576234,3161,3187,Italy,,,,,,,,,,,,,49.014674274998285,38.8731615239661,46.902932888183315,49.80976655041808,0
2576233,3193,3157,Italy,,,,,,,,,,,,,47.98023741341036,49.155665452134684,53.395979483479486,48.79845309011976,0
2576229,3166,3172,Italy,,,,,,,,,,,,,46.123133912962324,41.38791117119054,51.432341353660995,48.83825138204904,0
2576232,3173,3162,Italy,,,,,,,,,,,,,49.52830738285284,43.348759657850565,47.32642548990222,47.332465629840044,0
2576235,3197,3164,Italy,,,,,,,,,,,,,51.058041798711656,43.03609532678911,48.6220061780922,50.151559828284945,1
2576236,3315,3204,Italy,,,,,,,,,,,,,46.1780350597087,47.46701126538576,51.523386520614935,45.802628185124135,0
2576238,3159,3163,Italy,,,,,,,,,,,,,50.83514431452813,47.210263311888305,52.36439996074776,49.68715652431483,1
2576230,3176,3219,Italy,,,,,,,,,,,,,52.221486797516214,48.544939054558036,50.50586059473383,46.04335033406535,1
2576231,3194,3165,Italy,,,,,,,,,,,,,49.0077834450104,46.151513297875795,50.65708432901342,47.830173225284916,1
2576237,3158,3185,Italy,,,,,,,,,,,,,50.07693782540393,49.92869487137373,50.12535123263258,42.11384779385987,1
2576226,3187,3158,Italy,,,,,,,,,,,,,48.44035823740143,50.62133660953507,49.081679016756766,37.96291330944441,0
2576225,3162,3159,Italy,,,,,,,,,,,,,46.03508965400656,47.71310307480978,49.08838027338515,44.49527662108896,0
2576219,3204,3166,Italy,,,,,,,,,,,,,52.38405759446326,50.995375763243324,49.26348495362715,37.89188056998965,1
2576215,3173,3187,Italy,,,,,,,,,,,,,49.60224833313069,43.214149333886176,49.811245678915334,48.137231652039425,0
2576214,3158,3157,Italy,,,,,,,,,,,,,49.75738120681865,49.577338813093085,50.01004226644531,42.685628916602745,0
2576211,3176,3165,Italy,,,,,,,,,,,,,47.47190173370357,45.560885154973924,51.482934160124394,45.21594326963538,1
2576213,3315,3162,Italy,,,,,,,,,,,,,51.478184836259764,48.411000588376744,51.636618673182596,43.65104675714888,0
2576217,3194,3185,Italy,,,,,,,,,,,,,49.27496752081319,46.356221246559784,46.80166017460276,46.3531440810149,1
2576218,3164,3163,Italy,,,,,,,,,,,,,49.59096348100989,50.08403965998082,50.611005609464264,42.15730750871676,1
2576216,3197,3204,Italy,,,,,,,,,,,,,48.19416336039536,49.44989542023463,52.720438631653785,42.62728117933323,0
2576210,3161,3219,Italy,,,,,,,,,,,,,46.77871590162918,49.52304331928372,52.4761919429669,41.42675123328045,1
2576212,3166,3193,Italy,,,,,,,,,,,,,53.37299367299367,44.58636669967839,46.36634943472221,49.23863524654496,1
2576202,3162,3194,Italy,,,,,,,,,,,,,45.65948988433875,50.46444245524803,47.277987264788585,43.83496571400622,1
2576206,3157,3164,Italy,,,,,,,,,,,,,49.48571328051252,44.26380682747253,50.166316415775924,47.21955158767139,1
2576201,3172,3176,Italy,,,,,,,,,,,,,50.67053595029279,48.194110623602235,52.38589331939599,44.908954674756814,0
2576200,3219,3197,Italy,,,,,,,,,,,,,53.3698289812807,48.98148822550704,51.78617467315605,46.02167155516778,1
2576207,3166,3315,Italy,,,,,,,,,,,,,51.54126456401464,45.43322136052466,49.578799559176964,50.200927201054704,1
2576208,3187,3204,Italy,,,,,,,,,,,,,47.05403671866466,53.54047470662828,49.978433189488904,36.77481065854966,1
2576204,3185,3159,Italy,,,,,,,,,,,,,45.270480877918686,44.32288684537607,55.03972081512827,49.297824786911896,0
2576203,3193,3161,Italy,,,,,,,,,,,,,55.05469707270417,43.92431478515685,50.007915452540416,47.42395152213608,1
2576199,3165,3173,Italy,,,,,,,,,,,,,48.28426247022548,48.35312542739635,49.57616047005923,37.47046960205237,1
2576205,3163,3158,Italy,,,,,,,,,,,,,47.51745678870739,42.18047672565787,53.49624525917302,46.18393655504575,0
2576190,3158,3219,Italy,,,,,,,,,,,,,51.43383733151548,50.94562842120728,54.88490152659874,37.308156157509295,1
2576191,3161,3166,Italy,,,,,,,,,,,,,50.65030070240489,50.01447789115202,50.14057947765732,40.98404392613107,1
2576193,3165,3193,Italy,,,,,,,,,,,,,46.58493124402216,47.1148754961255,50.25820773997245,47.607802556920205,0
2576194,3164,3194,Italy,,,,,,,,,,,,,49.66604239657099,49.59388448933269,49.688598186104166,38.35163397009689,1
2576198,3185,3163,Italy,,,,,,,,,,,,,43.036885294302174,43.992003041005596,49.20274038096711,47.058526767229644,1
2576192,3315,3173,Italy,,,,,,,,,,,,,49.472054657292304,50.65782106949859,52.837805662805664,43.17796117546118,0
2576196,3187,3162,Italy,,,,,,,,,,,,,49.95567189937616,48.47366791222398,48.41597936562051,40.614442432863484,1
2576189,3197,3172,Italy,,,,,,,,,,,,,51.03319416304071,44.471779806904195,49.30119363547053,49.73015661654804,0
2576197,3204,3157,Italy,,,,,,,,,,,,,52.077649543848295,45.369875102122116,52.88839641368269,45.868811020906925,0
2576195,3176,3159,Italy,,,,,,,,,,,,,51.4830964672853,52.5661498871046,49.44309779201421,41.79910599806111,0
2576182,3162,3193,Italy,,,,,,,,,,,,,45.9071249546711,51.92897163507724,50.64779284485397,44.15164660676024,0
2576184,3219,3187,Italy,,,,,,,,,,,,,50.92126443889497,41.17547095170353,49.04841905698638,50.17423398390367,0
2576179,3172,3165,Italy,,,,,,,,,,,,,50.734493637128736,47.614506595876215,53.39113883043626,45.31558557445382,1
2576181,3166,3176,Italy,,,,,,,,,,,,,46.79239944082263,49.32318979249719,53.351299589603286,47.215903909132365,0
2576183,3163,3157,Italy,,,,,,,,,,,,,49.181957254076444,47.37487533240007,50.362737047509135,48.69691808717229,0
2576186,3159,3315,Italy,,,,,,,,,,,,,49.332859497815726,42.818280470187545,50.12773290210469,45.67737104334595,1
2576187,3173,3204,Italy,,,,,,,,,,,,,48.88943052158961,46.79128081753081,52.77032330440718,46.78683580390589,1
2576185,3194,3158,Italy,,,,,,,,,,,,,45.98119834979057,47.659484871590415,49.971364543340606,49.574977154540186,0
2576180,3161,3197,Italy,,,,,,,,,,,,,49.617839551358195,49.878736513614164,48.60863968185386,48.217701495339526,0
2576188,3164,3185,Italy,,,,,,,,,,,,,48.89015234307215,46.00610922145028,50.63298604598185,41.541774526531775,0
2576177,3158,3164,Italy,,,,,,,,,,,,,51.70102801830955,48.93894296269954,48.86725395816305,43.90958700390519,0
2576176,3157,3162,Italy,,,,,,,,,,,,,48.94375596818459,48.95242852101412,47.38745100056946,48.12017566903396,1
2576170,3185,3219,Italy,,,,,,,,,,,,,48.69248587108015,43.791269226756306,52.25283402171037,42.20031592484199,1
2576171,3187,3166,Italy,,,,,,,,,,,,,43.26674985036229,50.9155376919731,51.10965335596026,44.24957994829947,1
2576172,3197,3173,Italy,,,,,,,,,,,,,45.97760914273556,53.82189848380879,50.436841491841484,43.713202353202355,0
2576173,3176,3194,Italy,,,,,,,,,,,,,52.67867253735074,54.28686812963724,52.66989634696854,39.90225063854743,0
2576178,3193,3163,Italy,,,,,,,,,,,,,47.593533277356805,54.132339036735154,48.959579829019184,45.66927782235563,0
2576174,3204,3161,Italy,,,,,,,,,,,,,46.75607554743294,44.28494502784159,50.181060916824464,49.784950333373985,0
2576175,3165,3159,Italy,,,,,,,,,,,,,49.96653314006255,40.96315090138619,48.7592474544874,56.75149621069245,0
2576169,3315,3172,Italy,,,,,,,,,,,,,49.432358422229115,49.12800525623802,52.74236504524324,45.78711670957497,0
2575987,3164,3158,Italy,,,,,,,,,,,,,51.01301808239607,46.80056393632949,50.598481221498304,47.734892116106536,0
2576077,3162,3163,Italy,,,,,,,,,,,,,46.2225656163841,46.464112678165776,49.24516174307748,48.27119229993953,1
2576163,3159,3193,Italy,,,,,,,,,,,,,49.35583565560987,43.28203687350936,48.02532141490571,48.251703300989554,1
2576166,3161,3158,Italy,,,,,,,,,,,,,52.24723081404202,46.02360807069512,48.42339964029379,44.91362921002246,0
2576164,3173,3157,Italy,,,,,,,,,,,,,50.12051672945067,48.7120104824415,49.10311925876442,47.40278467774436,0
2576159,3166,3219,Italy,,,,,,,,,,,,,45.215899575185205,49.56790263957928,50.047762863965474,42.44443362021002,1
2576160,3162,3165,Italy,,,,,,,,,,,,,46.98218665966783,46.780268682232126,46.44156676622589,43.92287961126544,1
2576161,3194,3197,Italy,,,,,,,,,,,,,51.785247928494435,46.55999086615785,49.48041744830601,45.88066840458336,0
2576162,3164,3176,Italy,,,,,,,,,,,,,55.29971077964888,49.346637066862066,51.30503123897086,42.54798873297325,1
2576167,3163,3204,Italy,,,,,,,,,,,,,53.07971981593756,48.317495053369846,52.451791250879566,47.59090357500793,0
2576168,3315,3185,Italy,,,,,,,,,,,,,48.574627023347645,49.50267980130264,47.19089453874453,43.15244165985671,0
2576165,3172,3187,Italy,,,,,,,,,,,,,53.449954532287364,45.47417252283712,42.58647715583662,52.282846031531825,0
2576154,3173,3159,Italy,,,,,,,,,,,,,49.91655455111338,48.56244525082761,51.54601732059664,44.81931255984015,0
2576149,3158,3172,Italy,,,,,,,,,,,,,46.25955242781017,51.182137552392284,48.67410196052188,38.08612342874938,0
2576151,3157,3197,Italy,,,,,,,,,,,,,51.54497699053014,48.86058786533735,50.02987791076027,45.179362957304136,1
2576152,3187,3194,Italy,,,,,,,,,,,,,47.40384591377799,52.5983370289656,52.3103576923254,33.582380503821895,1
2576155,3204,3162,Italy,,,,,,,,,,,,,49.252477315138094,47.89391437066028,48.90893219029033,44.43876976183869,0
2576156,3219,3164,Italy,,,,,,,,,,,,,49.002908407258445,41.74380077106067,49.52097058921015,50.47187616520876,1
2576157,3193,3315,Italy,,,,,,,,,,,,,47.57490824580996,46.38734660958522,49.154665513246535,48.63701380540471,1
2576150,3185,3166,Italy,,,,,,,,,,,,,50.01250231755298,47.09129260082257,50.214876052951496,43.72192002749548,1
2576153,3176,3161,Italy,,,,,,,,,,,,,52.80002456812936,50.942179758614955,53.02753103208127,43.799344336145104,0
2576158,3165,3163,Italy,,,,,,,,,,,,,48.58876456729836,49.14406306751441,49.870340183912546,42.711000785558866,0
2576144,3194,3159,Italy,,,,,,,,,,,,,51.680836483777654,42.74687997187997,46.877888837889124,45.61729234530957,0
2576145,3161,3162,Italy,,,,,,,,,,,,,48.79855479155606,47.029816727244246,47.27424616731712,48.783193684856656,0
2576139,3172,3173,Italy,,,,,,,,,,,,,49.77023087360387,53.62542086428489,51.3101955079269,39.40000030553569,0
2576140,3219,3165,Italy,,,,,,,,,,,,,49.54961675529857,45.165362835817376,51.35468360801142,46.759557169776215,1
2576141,3166,3163,Italy,,,,,,,,,,,,,45.77562824251704,50.87994367454724,51.257991708013826,42.260410298464784,0
2576146,3158,3315,Italy,,,,,,,,,,,,,49.15550423340027,50.02337891651906,46.67667001012062,42.755470824110006,0
2576147,3164,3204,Italy,,,,,,,,,,,,,49.2513454516693,52.70109337317931,48.6443651592393,41.085420259333304,1
2576148,3185,3193,Italy,,,,,,,,,,,,,48.12463096004593,48.72008401245062,51.467223518898955,41.55236032918455,0
2576143,3176,3157,Italy,,,,,,,,,,,,,56.15026099892928,49.35863204750694,50.054050632130846,44.42412286985769,0
2576142,3197,3187,Italy,,,,,,,,,,,,,51.12593470042319,42.132605264158975,48.06994854994992,49.757150831228905,0
2576132,3159,3158,Italy,,,,,,,,,,,,,45.59062797514871,43.55354061628038,46.710189982170114,50.39703818786879,1
2576134,3157,3172,Italy,,,,,,,,,,,,,50.15001073457382,48.24651509142666,48.43276652370093,46.731461617169096,0
2576131,3193,3219,Italy,,,,,,,,,,,,,53.55309116430262,50.82685079478846,45.62670126729781,44.865156818666236,1
2576135,3187,3164,Italy,,,,,,,,,,,,,46.56949252722082,43.15849305012909,49.15322149141586,43.98566757461294,1
2576136,3315,3161,Italy,,,,,,,,,,,,,50.37713944747438,40.39591041288199,51.82527260143888,48.10325036251831,1
2576137,3204,3185,Italy,,,,,,,,,,,,,51.41323031780712,46.32996854648892,50.03521529458276,47.01012963793957,0
2576138,3163,3194,Italy,,,,,,,,,,,,,49.92301593373747,51.208255912907504,52.96524650274139,41.74576082125356,1
2576133,3162,3197,Italy,,,,,,,,,,,,,50.232428028836196,50.803167189890196,46.46163766468623,44.26622325071202,1
2576129,3173,3176,Italy,,,,,,,,,,,,,50.022168962052326,43.1266988986563,52.97504083579029,51.579443746126735,0
2576130,3165,3166,Italy,,,,,,,,,,,,,50.230729187606705,49.98624372946724,48.99603021957732,39.649859740764676,0
2576119,3172,3162,Italy,,,,,,,,,,,,,49.47368421017322,47.91883804863878,49.343258860796205,45.75865465189989,0
2576120,3219,3204,Italy,,,,,,,,,,,,,48.63534686995072,45.128842634640144,50.28593196560593,50.12302584359079,0
2576121,3166,3159,Italy,,,,,,,,,,,,,48.95366071588144,45.91483710010289,49.2283006533841,47.06483053019876,0
2576122,3197,3165,Italy,,,,,,,,,,,,,49.17888036066265,47.55343484073149,50.05356610764067,50.36284207018953,1
2576123,3176,3193,Italy,,,,,,,,,,,,,51.44447943682473,50.97611213305664,53.020413730341964,46.82567621772168,0
2576127,3164,3315,Italy,,,,,,,,,,,,,50.268983019349186,51.60779627929465,50.703673609021195,44.806849498293346,0
2576124,3194,3157,Italy,,,,,,,,,,,,,51.24621347220031,44.89300202721255,50.70959509960872,52.41746366345406,1
2576126,3158,3173,Italy,,,,,,,,,,,,,50.1289211185273,53.16801169294561,49.65893028939695,37.92661503834684,1
2576128,3185,3187,Italy,,,,,,,,,,,,,45.6432827108716,45.32342539185695,50.02823379725482,46.63452976026401,0
2576125,3161,3163,Italy,,,,,,,,,,,,,52.32181949896175,49.82153346446909,51.05823160499631,43.1983051588934,0
2576111,3193,3172,Italy,,,,,,,,,,,,,50.39835273760045,46.807949618109156,50.51414123362504,46.79178477881638,0
2576113,3162,3185,Italy,,,,,,,,,,,,,44.20077471404451,47.95867673382336,48.00815958431113,46.72153048637229,0
2576114,3157,3166,Italy,,,,,,,,,,,,,56.74169296114333,52.21993925206424,44.297823172926904,45.610574449677216,1
2576116,3315,3197,Italy,,,,,,,,,,,,,45.592929025002064,48.2236285182642,50.2750607556128,42.5290147789537,1
2576115,3187,3176,Italy,,,,,,,,,,,,,51.25650895157053,53.37843654275118,49.19399919811416,42.123868311730924,0
2576117,3204,3194,Italy,,,,,,,,,,,,,54.670365246794674,50.19288848843872,52.219227756303304,44.68158829945757,0
2576118,3163,3219,Italy,,,,,,,,,,,,,50.23344773631686,42.089315429382296,50.1348358177202,49.4242619493947,1
2576110,3165,3158,Italy,,,,,,,,,,,,,53.22729834717454,46.788109551522126,48.736578569080876,52.63516499305456,0
2576112,3159,3161,Italy,,,,,,,,,,,,,48.36271210318204,47.10764292598105,50.74006841423838,46.41016251080622,0
2576109,3173,3164,Italy,,,,,,,,,,,,,51.31780221041584,42.30765282697101,53.280295406993986,50.78168775153063,0
2576103,3194,3193,Italy,,,,,,,,,,,,,52.18936885189576,47.05560409425986,53.13847393410212,45.591798835007666,0
2576101,3197,3163,Italy,,,,,,,,,,,,,50.372893411126,49.14029241282547,51.205159033657154,40.81713534592119,0
2576107,3164,3162,Italy,,,,,,,,,,,,,48.28372030196345,46.286147940264065,46.200581376485246,44.8012121559826,0
2576100,3166,3173,Italy,,,,,,,,,,,,,47.728598254649185,48.452529100946826,52.21975451761548,41.73639830015498,0
2576102,3176,3315,Italy,,,,,,,,,,,,,54.86009080716942,46.4634407856253,52.36602094281238,49.80720984303873,1
2576104,3161,3165,Italy,,,,,,,,,,,,,48.78186627926333,51.76157914555361,50.13769291822164,40.32114451365975,1
2576099,3219,3157,Italy,,,,,,,,,,,,,49.57692317988606,50.3034993555459,52.98796604872718,48.82558599185757,0
2576108,3185,3172,Italy,,,,,,,,,,,,,46.41987552020367,43.879006750335485,52.31953071026574,46.82874508414889,0
2576105,3187,3159,Italy,,,,,,,,,,,,,52.9154025235589,56.756076575344316,51.97685601878186,36.759697824769596,0
2576106,3158,3204,Italy,,,,,,,,,,,,,49.36112356991088,54.30193903184575,52.95996196785671,36.898998330218426,1
2576089,3172,3219,Italy,,,,,,,,,,,,,48.84560755644134,53.16905562758131,47.5933318100466,45.99619262476287,1
2576094,3159,3197,Italy,,,,,,,,,,,,,51.53215367392738,51.73807699475488,50.343756748302205,36.83979270877666,1
2576095,3162,3176,Italy,,,,,,,,,,,,,47.70804400561818,45.293340902734315,50.014919446080604,46.368601551147314,0
2576093,3193,3158,Italy,,,,,,,,,,,,,49.04459342751417,43.606156713598985,49.83416325643453,52.052493509807235,0
2576096,3157,3185,Italy,,,,,,,,,,,,,47.839701980034576,49.337925688091985,50.50568889037996,45.119583688771336,0
2576098,3163,3187,Italy,,,,,,,,,,,,,52.28151425868817,41.12957815131728,45.52840999990399,48.17882544382812,0
2576091,3173,3161,Italy,,,,,,,,,,,,,53.0604552545067,44.493191744512195,55.15806709357262,41.84423654412686,0
2576092,3165,3204,Italy,,,,,,,,,,,,,49.866825758099345,47.10975358699359,50.443105740070976,43.0813553477123,1
2576097,3315,3194,Italy,,,,,,,,,,,,,49.32678841800734,51.71721566809708,50.25650634764204,40.6185294250699,0
2576090,3166,3164,Italy,,,,,,,,,,,,,51.42824483915549,39.77437353371751,50.718686891574094,56.256680652559865,1
2576081,3194,3166,Italy,,,,,,,,,,,,,48.82717957771818,45.74874231694101,47.44880736255153,49.682115697213014,0
2576082,3161,3172,Italy,,,,,,,,,,,,,47.41836879883248,46.106602577986926,48.76512273776553,45.2766108021618,1
2576079,3219,3315,Italy,,,,,,,,,,,,,51.54745210666763,44.62994171896767,52.969860489948104,49.82117826965136,0
2576085,3164,3159,Italy,,,,,,,,,,,,,44.95523430745096,50.382114822264846,48.68298222407241,41.63024548978884,1
2576086,3204,3176,Italy,,,,,,,,,,,,,51.24892102846649,40.93266758494031,50.01542421590946,51.47290390344279,0
2576087,3185,3165,Italy,,,,,,,,,,,,,50.843924445942825,46.97283021018086,51.538343249233684,45.32061823550584,0
2576088,3163,3173,Italy,,,,,,,,,,,,,50.76118002189085,49.50863962439882,48.88197406311615,43.55773518757709,0
2576080,3197,3193,Italy,,,,,,,,,,,,,51.07453827471184,47.29375826764165,52.022533810038915,48.65740745337905,0
2576083,3187,3157,Italy,,,,,,,,,,,,,45.57460187857671,44.00121503109867,50.66441282525784,44.22467947335755,1
2576084,3158,3162,Italy,,,,,,,,,,,,,47.56281103720128,51.13432416962584,46.482847687832205,40.4194697647484,1
2576078,3315,3157,Italy,,,,,,,,,,,,,50.58486453691865,45.8913812542432,53.307057355671574,46.92764250587981,0
2576069,3172,3204,Italy,,,,,,,,,,,,,52.317249529536234,46.53745747696356,45.89722035539816,43.30291651578164,0
2576071,3173,3194,Italy,,,,,,,,,,,,,50.55225232792295,51.80670738169313,48.55945595941726,41.121798480157615,1
2576072,3165,3187,Italy,,,,,,,,,,,,,52.747033547374286,39.56025648136184,44.42453550895316,51.55858907413553,0
2576073,3176,3158,Italy,,,,,,,,,,,,,51.59392259545661,45.17847654477213,48.978020668082785,50.210591109123015,0
2576076,3159,3219,Italy,,,,,,,,,,,,,49.0875570050749,55.73093756169215,49.968071383081636,38.3730787290008,1
2576075,3161,3185,Italy,,,,,,,,,,,,,51.71277567739383,47.927704903559174,52.24244546218872,46.17271384571797,0
2576074,3193,3164,Italy,,,,,,,,,,,,,50.079229374012655,47.60135805783543,53.24080988794495,46.37697381669714,0
2576070,3166,3197,Italy,,,,,,,,,,,,,46.12254028381756,51.51165546484446,48.69280962025121,45.971251930356914,0
2576061,3194,3161,Italy,,,,,,,,,,,,,51.47537119051427,44.87764040754807,52.35416109067478,47.3289376908921,0
2576067,3185,3173,Italy,,,,,,,,,,,,,48.2187672953802,49.88088355669001,49.193530525167354,45.52519659717915,1
2576060,3197,3176,Italy,,,,,,,,,,,,,53.46062197606315,46.16713776419659,51.97178787619662,50.19261068530295,1
2576063,3187,3315,Italy,,,,,,,,,,,,,47.26191672773402,52.358538483494456,51.94085045787833,40.21593212429126,1
2576065,3164,3165,Italy,,,,,,,,,,,,,50.35720650650653,48.274175248620324,50.271792265963384,44.89861378273143,1
2576066,3204,3193,Italy,,,,,,,,,,,,,49.65696626089559,46.691433905163265,50.01831282991737,49.972691898425644,1
2576068,3163,3172,Italy,,,,,,,,,,,,,44.58728343469999,45.76650961020867,51.23510921255044,45.043305361316385,1
2576059,3219,3162,Italy,,,,,,,,,,,,,50.13156226379483,48.4738456340506,48.403445027649475,46.939106025970915,0
2576064,3158,3166,Italy,,,,,,,,,,,,,47.14417225205709,50.924858905152654,48.99711673685328,40.93432980189701,1
2576062,3157,3159,Italy,,,,,,,,,,,,,52.15097819292707,52.10785984056244,48.59643808335298,43.246064274990246,0
2576050,3166,3162,Italy,,,,,,,,,,,,,45.675069442263435,49.51071423439432,48.04918386363104,41.82777394360865,0
2576051,3173,3219,Italy,,,,,,,,,,,,,48.196092058795585,47.033969716511905,50.00283498728621,43.93568780513685,1
2576052,3165,3157,Italy,,,,,,,,,,,,,48.564225866952825,43.433185944491065,53.953317199844726,51.618195893375734,0
2576053,3176,3185,Italy,,,,,,,,,,,,,53.86137907780341,46.62960359652791,46.70786998016765,44.22451187126907,1
2576054,3193,3187,Italy,,,,,,,,,,,,,47.05017042131231,41.80673141981762,49.053007667445144,49.03176902673898,0
2576056,3159,3204,Italy,,,,,,,,,,,,,51.456326803326625,51.364476147485675,47.42366690898968,43.85747026506003,1
2576057,3158,3197,Italy,,,,,,,,,,,,,47.00959813696798,51.57746411663342,50.75229332514021,40.80886479283609,1
2576058,3315,3163,Italy,,,,,,,,,,,,,49.58793436052292,50.18282220019746,49.92408127760127,43.247346712156244,0
2576049,3172,3194,Italy,,,,,,,,,,,,,49.31198632708911,51.71865337380047,50.219854979572844,37.58341570568059,1
2576055,3161,3164,Italy,,,,,,,,,,,,,52.74146170652529,41.85940454159118,50.328841455593846,46.810503937763684,1
2576042,3162,3173,Italy,,,,,,,,,,,,,48.93335807646868,46.823310726487286,49.757646179577996,48.6229123212646,1
2576048,3163,3159,Italy,,,,,,,,,,,,,49.43218326475772,52.00948500083091,52.3193664778664,43.962260209540226,0
2576039,3172,3166,Italy,,,,,,,,,,,,,50.61618088919692,49.14107727944352,51.28777822584877,44.31583927851687,1
2576040,3219,3176,Italy,,,,,,,,,,,,,55.25865725415003,46.74754767094316,51.85073366347367,46.38524947407972,0
2576043,3157,3193,Italy,,,,,,,,,,,,,56.529582507799866,46.83520771871202,49.5079997843236,49.45600399885991,0
2576046,3204,3315,Italy,,,,,,,,,,,,,46.76441023841578,47.07993339669918,50.28069410546953,48.38407761464846,0
2576047,3185,3158,Italy,,,,,,,,,,,,,48.779224196283025,46.14806446277035,49.863747564195656,44.4224425457818,0
2576041,3165,3194,Italy,,,,,,,,,,,,,50.687664911399494,47.26654041745796,49.88457907683678,42.76914778351632,1
2576044,3187,3161,Italy,,,,,,,,,,,,,44.028629750331284,52.147524131872885,52.51594779584628,34.915886156817045,0
2576045,3164,3197,Italy,,,,,,,,,,,,,49.85950776051043,45.23559774126376,51.53805224752625,45.0516665149863,1
2576033,3194,3219,Italy,,,,,,,,,,,,,50.17525554957879,46.25757255471358,48.89281399052075,42.977423841822336,1
2576034,3161,3157,Italy,,,,,,,,,,,,,48.86927530322196,45.29550218103281,52.79338023404823,49.22452936432797,1
2576029,3166,3204,Italy,,,,,,,,,,,,,52.07735022050936,48.231875952758806,51.45961380242507,46.346119668649315,1
2576030,3173,3193,Italy,,,,,,,,,,,,,46.291732102476544,47.25952121702192,50.34987996462965,45.17605795724555,0
2576031,3197,3185,Italy,,,,,,,,,,,,,49.79659776462356,43.22815386021648,52.084081441434385,51.56405038811456,0
2576037,3164,3172,Italy,,,,,,,,,,,,,43.6498361121015,46.85641399068832,50.133942968364316,46.5133181639012,1
2576038,3315,3165,Italy,,,,,,,,,,,,,54.28004314527041,45.80567162351253,49.37307492215387,44.88176519121495,0
2576032,3176,3163,Italy,,,,,,,,,,,,,48.14091831878913,48.99268763254097,48.92556200844307,43.50007613878142,1
2576036,3158,3187,Italy,,,,,,,,,,,,,47.54035314079502,44.09180095286851,46.322177099046876,45.258250317499396,0
2576035,3159,3162,Italy,,,,,,,,,,,,,48.69953731563999,50.723496678080394,47.13097033168362,40.93561103886954,0
2576019,3172,3159,Italy,,,,,,,,,,,,,49.229988589607224,46.71587953513791,48.09447942223487,46.789522015259884,0
2576024,3157,3158,Italy,,,,,,,,,,,,,47.31751010835182,50.42699187453873,47.951520728533595,43.45740353067527,0
2576020,3219,3161,Italy,,,,,,,,,,,,,48.939580207510744,42.83350818122999,47.565976454450464,52.69695617102618,0
2576021,3165,3176,Italy,,,,,,,,,,,,,42.86295230866016,47.69778725902424,51.92719990999606,47.68852769124748,1
2576023,3162,3315,Italy,,,,,,,,,,,,,48.77049518926835,49.68121314687289,50.97441136315066,40.59689117796651,1
2576026,3204,3197,Italy,,,,,,,,,,,,,48.64405548144794,52.21759990261617,51.62253668532284,45.39081689311235,0
2576027,3185,3194,Italy,,,,,,,,,,,,,48.81225037842369,47.57694113171183,49.60889352757547,46.49554430747716,0
2576025,3187,3173,Italy,,,,,,,,,,,,,45.786080515956485,52.6585259179214,50.09206709214731,38.000663089139024,1
2576022,3193,3166,Italy,,,,,,,,,,,,,48.038274314590105,49.47567424950798,48.53958761511348,45.602116648346716,0
2576028,3163,3164,Italy,,,,,,,,,,,,,49.84561565885096,43.184463609412894,51.88170360880006,49.709376134833185,1
2576011,3176,3172,Italy,,,,,,,,,,,,,47.98190667466717,48.18815410542579,52.02719396927608,45.18686620686254,0
2576017,3315,3166,Italy,,,,,,,,,,,,,48.78025858032831,43.99568098847708,49.01408890904062,47.32294166412391,0
2576009,3173,3165,Italy,,,,,,,,,,,,,46.54612562249443,44.56993871321757,51.40280721495149,50.275059337717444,0
2576010,3197,3219,Italy,,,,,,,,,,,,,43.786198596892966,43.33961133678038,46.25444145442386,47.27686689112245,1
2576012,3194,3162,Italy,,,,,,,,,,,,,49.33226162411722,45.03102412739291,48.66679723154859,46.36963177383422,0
2576013,3161,3193,Italy,,,,,,,,,,,,,49.763669875823325,52.07092595855556,49.9326005137392,42.260320455862264,1
2576016,3164,3157,Italy,,,,,,,,,,,,,42.7057002885567,45.88965459249402,52.424076774275676,44.33549447161681,1
2576014,3159,3185,Italy,,,,,,,,,,,,,52.13375139409224,50.37446840665755,46.02887859875835,40.88051708605381,1
2576018,3204,3187,Italy,,,,,,,,,,,,,46.97033866473348,37.39469606070488,49.28602499203228,52.83801165254686,0
2576015,3158,3163,Italy,,,,,,,,,,,,,50.33282313649004,47.106505601243924,47.99361545365955,43.106845999799525,1
2575999,3172,3197,Italy,,,,,,,,,,,,,50.721626585529386,46.81837828442692,49.016397650224825,40.62091742625544,1
2576002,3173,3315,Italy,,,,,,,,,,,,,45.464421945236005,47.52199980082569,52.13753747558607,49.11265650186681,0
2576003,3193,3165,Italy,,,,,,,,,,,,,49.73744215900387,47.56926207877357,50.02658312098529,45.47215325298329,0
2576004,3194,3164,Italy,,,,,,,,,,,,,49.27210680733408,40.366515302878945,48.71583584921604,50.67642543110898,0
2576005,3159,3176,Italy,,,,,,,,,,,,,49.15249295500632,47.27201387281602,50.86447482687537,45.88882685438683,1
2576006,3162,3187,Italy,,,,,,,,,,,,,49.43471304106026,34.975319461517984,46.54141859721242,48.956828924253415,0
2576007,3157,3204,Italy,,,,,,,,,,,,,53.39101048668777,49.53460694143694,50.954954958362485,46.94411824716901,1
2576008,3163,3185,Italy,,,,,,,,,,,,,50.72748771553109,49.480986820619385,48.202810657562374,43.510996594715714,0
2576000,3219,3158,Italy,,,,,,,,,,,,,45.93312242949366,41.5241541511961,44.95647867394222,50.36033059047716,0
2576001,3166,3161,Italy,,,,,,,,,,,,,52.20980687735628,39.9616100637206,54.77864343749657,47.824750468009846,0
2575992,3193,3162,Italy,,,,,,,,,,,,,49.42387829420111,46.697560814029906,47.15136680228614,47.785431825998145,0
2575989,3165,3172,Italy,,,,,,,,,,,,,54.00544437535612,44.478559163427946,52.41502361085973,47.58645474463792,0
2575993,3157,3163,Italy,,,,,,,,,,,,,50.411906031189076,48.405650337039695,50.02428861204135,45.20838195872152,1
2575994,3187,3219,Italy,,,,,,,,,,,,,44.158030653080466,49.62338718627675,50.82515705015705,37.28246082159126,1
2575997,3204,3173,Italy,,,,,,,,,,,,,52.738748159028326,50.75735514929308,58.58761985295498,48.7423218424228,0
2575998,3185,3164,Italy,,,,,,,,,,,,,46.17274624968691,44.939668399710236,48.166814636546334,48.84075124836209,0
2575996,3315,3159,Italy,,,,,,,,,,,,,49.983547340690194,48.71270910556625,52.04894835730367,47.353861785789256,0
2575995,3158,3194,Italy,,,,,,,,,,,,,48.84325586150333,49.57515894725432,46.4377622450745,38.896361221855294,1
2575991,3176,3166,Italy,,,,,,,,,,,,,51.5186238153849,50.35439599611545,53.1935491310865,42.6254265160556,1
2575990,3197,3161,Italy,,,,,,,,,,,,,51.36186580910941,44.99581487093449,48.71870894514805,49.20584031610867,0
2575981,3166,3187,Italy,,,,,,,,,,,,,51.07213843645937,38.626571642458806,47.83288525152282,49.56225017778343,0
2575980,3219,3185,Italy,,,,,,,,,,,,,47.87418046599865,45.059165884620434,48.016167888357636,48.55737628641209,0
2575986,3162,3157,Italy,,,,,,,,,,,,,47.397880738301986,42.94035817215162,48.71310367884531,53.594469239206084,1
2575979,3172,3315,Italy,,,,,,,,,,,,,53.838450816925,48.853775086412995,50.46572479794336,46.81041375157818,1
2575982,3173,3197,Italy,,,,,,,,,,,,,46.163289537984845,47.154496339818024,52.46777901831745,44.32362133374719,1
2575983,3194,3176,Italy,,,,,,,,,,,,,52.12784300342941,45.441108811985195,52.2238899177692,47.2079140219812,0
2575988,3163,3193,Italy,,,,,,,,,,,,,50.89297796625365,46.277159209105825,53.17670655960168,48.32662734048715,1
2575984,3161,3204,Italy,,,,,,,,,,,,,50.78938794177896,53.12019438159198,54.32452546175769,40.248517518812314,1
2575985,3159,3165,Italy,,,,,,,,,,,,,51.0232310192861,45.48761548051642,48.670186500357154,48.551940037179406,1
2575970,3165,3162,Italy,,,,,,,,,,,,,51.05681619312434,45.54555496384299,49.25442903746501,47.08114186933924,0
2575971,3197,3194,Italy,,,,,,,,,,,,,49.18910697887971,45.00012626262627,51.67196737724407,46.14635050789875,0
2575972,3176,3164,Italy,,,,,,,,,,,,,48.37147206175253,45.26429786408026,49.173264631157025,44.63118172628086,0
2575974,3157,3173,Italy,,,,,,,,,,,,,50.429782971702046,48.206890945833806,49.93054499979253,42.63413720053753,1
2575975,3187,3172,Italy,,,,,,,,,,,,,43.18399824695819,49.921439749235354,50.96187217651266,41.62894514021213,1
2575977,3204,3163,Italy,,,,,,,,,,,,,50.75028348765273,43.691626602098104,51.168030160861186,48.93921089669468,1
2575978,3185,3315,Italy,,,,,,,,,,,,,46.396488210166794,52.61875320769389,52.74945479750734,47.29307756454239,1
2575976,3158,3161,Italy,,,,,,,,,,,,,47.367957198275626,45.75746475464375,52.27466305886646,48.04890635118135,0
2575969,3219,3166,Italy,,,,,,,,,,,,,48.3059579879228,49.85690299165372,48.2986152989839,44.578865518777725,0
2575973,3193,3159,Italy,,,,,,,,,,,,,49.843760722844806,48.72794435032986,48.240899234879244,44.41420674141643,0
2575960,3166,3185,Italy,,,,,,,,,,,,,51.698662549571644,46.25859080313626,52.16008104257303,50.59546397505667,0
2575961,3197,3157,Italy,,,,,,,,,,,,,47.55538277511962,36.418314726209466,49.28976456549986,51.987702330349386,0
2575963,3161,3176,Italy,,,,,,,,,,,,,51.73177119260688,46.52463019655101,53.21694556490284,46.70505551014141,1
2575965,3162,3204,Italy,,,,,,,,,,,,,47.06030762468757,50.67568539579656,50.93847854573595,40.42960227678757,0
2575966,3164,3219,Italy,,,,,,,,,,,,,48.9086322474077,49.89762933205478,46.411398447199836,42.312154835272615,1
2575967,3315,3193,Italy,,,,,,,,,,,,,48.51533288916915,49.944592371807396,47.4704458208002,48.88038341448246,0
2575968,3163,3165,Italy,,,,,,,,,,,,,49.280196322442315,49.773546118962855,54.385171184321194,45.075574219538474,0
2575959,3172,3158,Italy,,,,,,,,,,,,,48.831832079263044,49.17710449632988,45.32894836344634,46.27792300548723,0
2575962,3194,3187,Italy,,,,,,,,,,,,,50.07931116486118,39.8495299401641,47.12633171623159,49.70683541043429,0
2575964,3159,3173,Italy,,,,,,,,,,,,,51.695817961635754,45.87991432483997,47.451843087130754,44.67392821564581,1
