matchID,team1_ID,team2_ID,tournament,gk_saves_T1,gk_saves_T2,red_card_T1,red_card_T2,yellow_card_T1,yellow_card_T2,assists_T1,assists_T2,shots_T1,shots_T2,shots_on_target_T1,shots_on_target_T2,passes_T1,passes_T2,goals_T1,goals_T2,ball_possession_T1,ball_possession_T2,pass_acc_T1,pass_acc_T2,gk_acc_T1,gk_acc_T2,shot_acc_T1,shot_acc_T2,winner
2501056,3783,3767,France,2.0,6.0,0.0,0.0,3.0,1.0,0.0,0.0,11,7,6.0,2.0,161,694,0.0,0.0,0.18830409356725147,0.8116959064327486,0.7523364485981309,0.919205298013245,1.0,1.0,0.5454545454545454,0.2857142857142857,0
2501057,3804,3799,France,6.0,0.0,0.0,0.0,1.0,2.0,1.0,1.0,6,16,1.0,7.0,385,351,2.0,1.0,0.5230978260869565,0.47690217391304346,0.8442982456140351,0.841726618705036,0.8571428571428571,0.0,0.16666666666666666,0.4375,0
2501058,3766,3775,France,3.0,5.0,0.0,0.0,3.0,3.0,2.0,2.0,21,11,8.0,5.0,402,484,3.0,2.0,0.45372460496614,0.54627539503386,0.8854625550660793,0.9013035381750466,0.6,0.625,0.38095238095238093,0.45454545454545453,1
2501059,3771,3789,France,1.0,9.0,0.0,1.0,0.0,0.0,1.0,1.0,27,5,11.0,2.0,527,259,2.0,1.0,0.6704834605597965,0.32951653944020354,0.9023972602739726,0.7872340425531915,0.5,0.8181818181818182,0.4074074074074074,0.4,1
2501060,3777,3772,France,4.0,0.0,0.0,0.0,3.0,0.0,0.0,3.0,7,16,0.0,8.0,281,472,0.0,4.0,0.37317397078353254,0.6268260292164675,0.8313609467455622,0.8939393939393939,0.5,0.0,0.0,0.5,0
2501061,3770,3779,France,2.0,2.0,0.0,0.0,0.0,0.0,1.0,0.0,8,10,3.0,2.0,317,407,1.0,0.0,0.43784530386740333,0.5621546961325967,0.8320209973753281,0.8255578093306288,1.0,0.6666666666666666,0.375,0.2,1
2501062,3774,3787,France,5.0,2.0,0.0,0.0,0.0,1.0,1.0,1.0,8,9,3.0,6.0,368,259,1.0,1.0,0.5869218500797448,0.4130781499202552,0.8363636363636363,0.7896341463414634,0.8333333333333334,0.6666666666666666,0.375,0.6666666666666666,0
2501063,3782,3776,France,3.0,3.0,0.0,0.0,1.0,0.0,0.0,0.0,12,10,7.0,3.0,492,441,5.0,0.0,0.5273311897106109,0.47266881028938906,0.8978102189781022,0.882,1.0,0.375,0.5833333333333334,0.3,1
2501064,3780,3785,France,5.0,5.0,0.0,0.0,3.0,2.0,1.0,0.0,17,12,7.0,5.0,283,237,2.0,1.0,0.5442307692307692,0.45576923076923076,0.7905027932960894,0.75,0.8333333333333334,0.7142857142857143,0.4117647058823529,0.4166666666666667,1
2501065,3795,19830,France,10.0,5.0,0.0,0.0,1.0,1.0,0.0,0.0,13,21,5.0,12.0,295,434,0.0,3.0,0.4046639231824417,0.5953360768175583,0.8016304347826086,0.8460038986354775,0.7692307692307693,1.0,0.38461538461538464,0.5714285714285714,0
2501046,3789,3777,France,2.0,1.0,0.0,0.0,1.0,2.0,0.0,0.0,8,15,2.0,2.0,351,378,2.0,0.0,0.48148148148148145,0.5185185185185185,0.8278301886792453,0.8729792147806005,1.0,0.3333333333333333,0.25,0.13333333333333333,1
2501047,3799,3770,France,0.0,2.0,0.0,0.0,0.0,1.0,0.0,0.0,13,12,2.0,2.0,303,344,0.0,2.0,0.46831530139103555,0.5316846986089645,0.7890625,0.8249400479616307,0.0,1.0,0.15384615384615385,0.16666666666666666,0
2501048,3772,3780,France,3.0,3.0,0.0,0.0,1.0,3.0,3.0,1.0,13,10,6.0,5.0,354,222,4.0,2.0,0.6145833333333334,0.3854166666666667,0.8329411764705882,0.7350993377483444,0.6,0.42857142857142855,0.46153846153846156,0.5,1
2501050,3776,3804,France,6.0,1.0,0.0,0.0,0.0,2.0,2.0,0.0,13,12,3.0,7.0,360,370,2.0,1.0,0.4931506849315068,0.5068493150684932,0.8530805687203792,0.835214446952596,0.8571428571428571,0.3333333333333333,0.23076923076923078,0.5833333333333334,1
2501051,19830,3782,France,3.0,4.0,1.0,0.0,1.0,1.0,0.0,0.0,18,13,5.0,3.0,354,349,1.0,0.0,0.5035561877667141,0.49644381223328593,0.8388625592417062,0.8349282296650717,1.0,0.8,0.2777777777777778,0.23076923076923078,1
2501052,3787,3795,France,1.0,3.0,0.0,0.0,0.0,0.0,0.0,0.0,20,9,3.0,2.0,465,273,1.0,1.0,0.6300813008130082,0.3699186991869919,0.840867992766727,0.8173652694610778,0.5,0.75,0.15,0.2222222222222222,0
2501053,3775,3783,France,5.0,5.0,0.0,1.0,0.0,1.0,1.0,1.0,21,9,9.0,5.0,559,285,4.0,1.0,0.6623222748815166,0.33767772511848343,0.9163934426229509,0.8333333333333334,0.8333333333333334,0.5555555555555556,0.42857142857142855,0.5555555555555556,1
2501054,3767,3774,France,0.0,6.0,0.0,0.0,1.0,0.0,0.0,1.0,14,10,6.0,2.0,460,234,0.0,2.0,0.6628242074927954,0.3371757925072046,0.8712121212121212,0.8013698630136986,0.0,1.0,0.42857142857142855,0.2,0
2501055,3779,3766,France,1.0,2.0,0.0,0.0,5.0,1.0,1.0,2.0,9,8,4.0,3.0,175,338,3.0,2.0,0.341130604288499,0.6588693957115009,0.7675438596491229,0.8513853904282116,0.3333333333333333,0.4,0.4444444444444444,0.375,1
2501049,3785,3771,France,3.0,5.0,0.0,1.0,2.0,0.0,0.0,3.0,18,15,7.0,6.0,201,234,3.0,3.0,0.46206896551724136,0.5379310344827586,0.75,0.782608695652174,0.5,0.625,0.3888888888888889,0.4,0
2501040,3771,3775,France,1.0,6.0,0.0,0.0,1.0,1.0,2.0,0.0,17,11,8.0,2.0,379,446,2.0,1.0,0.4593939393939394,0.5406060606060606,0.8834498834498834,0.8814229249011858,0.5,0.75,0.47058823529411764,0.18181818181818182,1
2501037,3783,19830,France,3.0,4.0,1.0,0.0,1.0,2.0,0.0,0.0,13,15,5.0,4.0,259,318,1.0,2.0,0.4488734835355286,0.5511265164644714,0.8068535825545171,0.8302872062663186,0.6,0.8,0.38461538461538464,0.26666666666666666,0
2501038,3804,3785,France,0.0,6.0,0.0,0.0,1.0,1.0,1.0,1.0,18,3,9.0,1.0,304,303,3.0,1.0,0.500823723228995,0.49917627677100496,0.7916666666666666,0.7729591836734694,0.0,0.6666666666666666,0.5,0.3333333333333333,1
2501041,3777,3799,France,2.0,3.0,0.0,0.0,1.0,0.0,1.0,1.0,8,16,4.0,4.0,267,480,1.0,2.0,0.357429718875502,0.642570281124498,0.7922848664688428,0.8465608465608465,0.5,0.75,0.5,0.25,0
2501042,3770,3787,France,5.0,2.0,0.0,0.0,0.0,3.0,0.0,1.0,10,10,2.0,7.0,396,278,0.0,2.0,0.5875370919881305,0.4124629080118694,0.8461538461538461,0.8057971014492754,0.7142857142857143,1.0,0.2,0.7,0
2501043,3774,3779,France,2.0,0.0,0.0,0.0,1.0,1.0,0.0,1.0,14,7,2.0,3.0,291,335,2.0,1.0,0.46485623003194887,0.5351437699680511,0.8434782608695652,0.8312655086848635,0.6666666666666666,0.0,0.14285714285714285,0.42857142857142855,1
2501045,3780,3776,France,5.0,2.0,1.0,0.0,4.0,2.0,2.0,2.0,6,16,4.0,8.0,134,476,2.0,3.0,0.21967213114754097,0.780327868852459,0.6473429951690821,0.8670309653916212,0.625,0.5,0.6666666666666666,0.5,0
2501039,3766,3795,France,4.0,2.0,0.0,0.0,2.0,2.0,3.0,0.0,15,12,5.0,4.0,469,367,3.0,0.0,0.5610047846889952,0.43899521531100477,0.90715667311412,0.8758949880668258,1.0,0.4,0.3333333333333333,0.3333333333333333,1
2501044,3782,3772,France,2.0,2.0,0.0,0.0,2.0,3.0,0.0,2.0,16,11,2.0,5.0,398,318,1.0,3.0,0.5558659217877095,0.4441340782122905,0.8614718614718615,0.8664850136239782,0.4,0.6666666666666666,0.125,0.45454545454545453,0
2501036,3789,3767,France,6.0,3.0,0.0,0.0,2.0,0.0,1.0,2.0,12,23,5.0,8.0,231,525,2.0,2.0,0.3055555555555556,0.6944444444444444,0.8076923076923077,0.8692052980132451,0.75,0.6,0.4166666666666667,0.34782608695652173,0
2501032,3767,3785,France,3.0,1.0,0.0,0.0,2.0,0.0,1.0,1.0,13,20,2.0,5.0,499,245,2.0,2.0,0.6706989247311828,0.3293010752688172,0.8663194444444444,0.8193979933110368,0.6,0.3333333333333333,0.15384615384615385,0.25,0
2501026,3799,3771,France,4.0,5.0,0.0,0.0,1.0,3.0,1.0,0.0,12,13,6.0,5.0,289,431,1.0,1.0,0.4013888888888889,0.5986111111111111,0.7789757412398922,0.8534653465346534,0.8,0.8333333333333334,0.5,0.38461538461538464,0
2501033,3774,3780,France,2.0,2.0,1.0,0.0,2.0,1.0,1.0,0.0,6,11,4.0,2.0,334,262,2.0,1.0,0.5604026845637584,0.4395973154362416,0.7971360381861575,0.7616279069767442,0.6666666666666666,0.5,0.6666666666666666,0.18181818181818182,1
2501027,3772,3804,France,3.0,2.0,0.0,0.0,1.0,0.0,0.0,0.0,10,9,4.0,3.0,292,340,3.0,1.0,0.4620253164556962,0.5379746835443038,0.8295454545454546,0.8312958435207825,0.75,0.4,0.4,0.3333333333333333,1
2501028,3776,3777,France,2.0,7.0,0.0,0.0,0.0,2.0,1.0,1.0,16,12,9.0,3.0,383,347,3.0,1.0,0.5246575342465754,0.47534246575342465,0.8454746136865342,0.8088578088578089,0.6666666666666666,0.7,0.5625,0.25,1
2501030,19830,3789,France,1.0,1.0,1.0,1.0,1.0,2.0,0.0,0.0,15,8,1.0,1.0,422,208,0.0,0.0,0.6698412698412698,0.33015873015873015,0.8131021194605009,0.7098976109215017,1.0,1.0,0.06666666666666667,0.125,0
2501034,3779,3775,France,5.0,1.0,0.0,0.0,2.0,4.0,1.0,0.0,9,9,2.0,6.0,268,447,1.0,1.0,0.3748251748251748,0.6251748251748251,0.8072289156626506,0.862934362934363,0.8333333333333334,0.5,0.2222222222222222,0.6666666666666666,0
2501035,3795,3783,France,1.0,1.0,0.0,0.0,1.0,2.0,1.0,1.0,6,12,3.0,2.0,278,403,3.0,1.0,0.40822320117474303,0.591776798825257,0.7700831024930748,0.8191056910569106,0.5,0.25,0.5,0.16666666666666666,1
2501029,3766,3770,France,4.0,9.0,0.0,0.0,1.0,1.0,1.0,0.0,25,12,11.0,4.0,499,281,2.0,0.0,0.6397435897435897,0.36025641025641025,0.8678260869565217,0.7915492957746478,1.0,0.8181818181818182,0.44,0.3333333333333333,1
2501031,3787,3782,France,4.0,5.0,0.0,0.0,0.0,2.0,0.0,1.0,23,7,4.0,5.0,451,295,0.0,1.0,0.6045576407506702,0.39544235924932974,0.8414179104477612,0.8016304347826086,0.8,1.0,0.17391304347826086,0.7142857142857143,0
2501007,3783,3780,France,2.0,0.0,0.0,0.0,2.0,1.0,0.0,0.0,8,5,0.0,2.0,483,216,0.0,0.0,0.6909871244635193,0.3090128755364807,0.8609625668449198,0.7714285714285715,1.0,0.0,0.0,0.4,0
2501017,3772,3767,France,1.0,8.0,0.0,0.0,0.0,1.0,0.0,0.0,21,10,8.0,2.0,276,523,0.0,1.0,0.3454317897371715,0.6545682102628285,0.8571428571428571,0.9079861111111112,0.5,1.0,0.38095238095238093,0.2,0
2501024,3782,3795,France,3.0,4.0,0.0,0.0,0.0,2.0,2.0,1.0,16,6,6.0,3.0,510,220,2.0,1.0,0.6986301369863014,0.3013698630136986,0.8838821490467937,0.7801418439716312,0.75,0.6666666666666666,0.375,0.5,1
2501023,3775,3787,France,2.0,4.0,0.0,0.0,0.0,0.0,0.0,0.0,15,4,5.0,1.0,494,334,1.0,0.0,0.5966183574879227,0.4033816425120773,0.8712522045855379,0.8370927318295739,1.0,0.8,0.3333333333333333,0.25,1
2501016,3789,3779,France,1.0,3.0,0.0,0.0,4.0,2.0,2.0,1.0,7,16,6.0,2.0,180,293,3.0,1.0,0.38054968287526425,0.6194503171247357,0.694980694980695,0.8161559888579387,0.5,0.5,0.8571428571428571,0.125,1
2501019,3785,19830,France,0.0,10.0,0.0,1.0,0.0,2.0,2.0,1.0,23,3,13.0,1.0,474,212,3.0,1.0,0.6909620991253644,0.30903790087463556,0.855595667870036,0.7491166077738516,0.0,0.7692307692307693,0.5652173913043478,0.3333333333333333,1
2501021,3777,3783,France,3.0,3.0,0.0,0.0,2.0,1.0,0.0,1.0,16,5,3.0,4.0,446,281,1.0,1.0,0.6134800550206327,0.38651994497936726,0.8213627992633518,0.7762430939226519,0.75,0.75,0.1875,0.8,0
2501025,3780,3799,France,0.0,6.0,0.0,0.0,1.0,2.0,1.0,0.0,14,7,8.0,0.0,262,430,2.0,0.0,0.3786127167630058,0.6213872832369942,0.7774480712166172,0.8333333333333334,0.0,0.75,0.5714285714285714,0.0,1
2501020,3771,3776,France,2.0,4.0,0.0,0.0,0.0,1.0,3.0,0.0,19,14,8.0,3.0,574,303,5.0,1.0,0.6545039908779932,0.34549600912200684,0.9039370078740158,0.8583569405099151,0.6666666666666666,0.4444444444444444,0.42105263157894735,0.21428571428571427,1
2501018,3804,3766,France,8.0,3.0,0.0,0.0,1.0,2.0,0.0,2.0,15,20,5.0,11.0,281,498,2.0,5.0,0.3607188703465982,0.6392811296534018,0.8192419825072886,0.9021739130434783,0.6153846153846154,0.6,0.3333333333333333,0.55,0
2501022,3770,3774,France,5.0,4.0,1.0,0.0,6.0,2.0,0.0,0.0,12,14,5.0,5.0,232,368,1.0,1.0,0.38666666666666666,0.6133333333333333,0.8,0.847926267281106,0.8333333333333334,0.8,0.4166666666666667,0.35714285714285715,0
2501012,3767,19830,France,1.0,1.0,0.0,0.0,1.0,3.0,6.0,1.0,12,12,7.0,2.0,464,301,7.0,1.0,0.6065359477124183,0.3934640522875817,0.8992248062015504,0.8624641833810889,0.5,0.125,0.5833333333333334,0.16666666666666666,1
2501015,3795,3771,France,5.0,5.0,0.0,0.0,2.0,2.0,1.0,3.0,12,21,7.0,8.0,204,465,2.0,3.0,0.30493273542600896,0.695067264573991,0.7285714285714285,0.8740601503759399,0.625,0.7142857142857143,0.5833333333333334,0.38095238095238093,0
2501010,3787,3772,France,1.0,6.0,0.0,0.0,3.0,2.0,0.0,3.0,20,7,6.0,4.0,352,359,1.0,3.0,0.49507735583684953,0.5049226441631505,0.7892376681614349,0.8387850467289719,0.25,0.8571428571428571,0.3,0.5714285714285714,0
2501008,3776,3785,France,2.0,1.0,0.0,0.0,2.0,1.0,2.0,0.0,9,6,3.0,3.0,353,352,2.0,2.0,0.500709219858156,0.49929078014184397,0.8114942528735632,0.8073394495412844,0.5,0.3333333333333333,0.3333333333333333,0.5,0
2501011,3770,3804,France,3.0,1.0,0.0,0.0,0.0,0.0,0.0,1.0,13,13,2.0,4.0,262,426,1.0,1.0,0.3808139534883721,0.6191860465116279,0.7987804878048781,0.8554216867469879,0.75,0.5,0.15384615384615385,0.3076923076923077,0
2501013,3774,3777,France,3.0,2.0,0.0,0.0,1.0,4.0,1.0,2.0,13,6,3.0,5.0,527,220,1.0,2.0,0.7054886211512718,0.29451137884872824,0.8827470686767169,0.7773851590106007,0.6,0.6666666666666666,0.23076923076923078,0.8333333333333334,0
2501014,3779,3782,France,1.0,6.0,0.0,0.0,3.0,1.0,0.0,1.0,15,5,6.0,1.0,341,457,0.0,1.0,0.4273182957393484,0.5726817042606517,0.8317073170731707,0.865530303030303,0.5,1.0,0.4,0.2,0
2501009,3766,3789,France,3.0,5.0,0.0,0.0,0.0,0.0,2.0,0.0,24,6,8.0,3.0,557,225,3.0,0.0,0.7122762148337596,0.2877237851662404,0.8926282051282052,0.7922535211267606,1.0,0.625,0.3333333333333333,0.5,1
2501006,3799,3775,France,6.0,3.0,0.0,0.0,1.0,3.0,0.0,1.0,8,15,2.0,7.0,342,638,1.0,1.0,0.3489795918367347,0.6510204081632653,0.8614609571788413,0.9140401146131805,0.8571428571428571,0.75,0.25,0.4666666666666667,0
2501000,3771,3787,France,2.0,3.0,0.0,0.0,2.0,1.0,0.0,0.0,12,6,3.0,2.0,576,262,0.0,0.0,0.6873508353221957,0.3126491646778043,0.8930232558139535,0.8012232415902141,1.0,1.0,0.25,0.3333333333333333,0
2501001,3777,3766,France,2.0,6.0,0.0,0.0,2.0,0.0,0.0,5.0,10,14,5.0,7.0,368,499,0.0,5.0,0.4244521337946944,0.5755478662053056,0.8440366972477065,0.8816254416961131,0.2857142857142857,1.0,0.5,0.5,0
2501003,3775,3774,France,2.0,1.0,0.0,0.0,4.0,4.0,0.0,1.0,11,8,2.0,3.0,478,307,1.0,1.0,0.6089171974522293,0.3910828025477707,0.8786764705882353,0.8230563002680965,0.6666666666666666,0.5,0.18181818181818182,0.375,0
2500996,3789,3783,France,7.0,1.0,0.0,0.0,3.0,1.0,2.0,0.0,10,12,4.0,6.0,248,301,3.0,0.0,0.4517304189435337,0.5482695810564663,0.775,0.7838541666666666,1.0,0.25,0.4,0.5,1
2500997,3799,3779,France,4.0,1.0,0.0,0.0,1.0,1.0,1.0,0.0,3,10,2.0,5.0,309,431,1.0,1.0,0.4175675675675676,0.5824324324324325,0.8704225352112676,0.8585657370517928,0.8,0.5,0.6666666666666666,0.5,0
2500998,3772,3776,France,0.0,3.0,0.0,1.0,1.0,3.0,1.0,1.0,15,7,5.0,1.0,496,233,2.0,1.0,0.6803840877914952,0.3196159122085048,0.8717047451669596,0.7952218430034129,0.0,0.6,0.3333333333333333,0.14285714285714285,1
2500999,3785,3795,France,5.0,6.0,0.0,0.0,1.0,1.0,2.0,0.0,15,9,10.0,5.0,312,293,4.0,0.0,0.515702479338843,0.484297520661157,0.7938931297709924,0.7855227882037533,1.0,0.6,0.6666666666666666,0.5555555555555556,1
2501005,3780,3804,France,2.0,6.0,0.0,0.0,2.0,1.0,0.0,0.0,17,8,5.0,3.0,258,278,0.0,1.0,0.48134328358208955,0.5186567164179104,0.7087912087912088,0.7473118279569892,0.6666666666666666,1.0,0.29411764705882354,0.375,0
2501002,19830,3770,France,3.0,1.0,0.0,0.0,4.0,3.0,1.0,1.0,5,9,3.0,4.0,433,222,2.0,1.0,0.6610687022900763,0.33893129770992364,0.8231939163498099,0.7375415282392026,0.75,0.3333333333333333,0.6,0.4444444444444444,1
2501004,3782,3767,France,2.0,3.0,0.0,1.0,1.0,5.0,1.0,0.0,14,7,3.0,2.0,344,406,1.0,1.0,0.45866666666666667,0.5413333333333333,0.8621553884711779,0.8826086956521739,0.6666666666666666,0.75,0.21428571428571427,0.2857142857142857,0
2500993,3774,19830,France,1.0,8.0,0.0,0.0,0.0,2.0,1.0,1.0,18,8,8.0,2.0,397,327,1.0,1.0,0.5483425414364641,0.4516574585635359,0.8393234672304439,0.8427835051546392,0.5,0.8888888888888888,0.4444444444444444,0.25,0
2500990,3766,3780,France,6.0,3.0,0.0,0.0,1.0,1.0,1.0,0.0,21,10,5.0,6.0,503,281,2.0,0.0,0.6415816326530612,0.35841836734693877,0.8998211091234347,0.8005698005698005,1.0,0.6,0.23809523809523808,0.6,1
2500986,3783,3787,France,3.0,5.0,0.0,0.0,2.0,2.0,1.0,2.0,9,7,5.0,6.0,369,401,1.0,3.0,0.4792207792207792,0.5207792207792208,0.8092105263157895,0.8586723768736617,0.5,0.8333333333333334,0.5555555555555556,0.8571428571428571,0
2500989,3776,3789,France,1.0,3.0,0.0,0.0,0.0,2.0,0.0,0.0,15,10,3.0,2.0,523,306,0.0,1.0,0.6308805790108565,0.3691194209891435,0.8658940397350994,0.816,0.5,1.0,0.2,0.2,0
2500991,3770,3782,France,6.0,4.0,0.0,0.0,3.0,0.0,0.0,0.0,19,15,3.0,8.0,402,394,0.0,3.0,0.5050251256281407,0.4949748743718593,0.8237704918032787,0.8640350877192983,0.6666666666666666,1.0,0.15789473684210525,0.5333333333333333,0
2500994,3779,3777,France,3.0,4.0,1.0,1.0,6.0,4.0,0.0,1.0,19,10,6.0,5.0,223,209,2.0,2.0,0.5162037037037037,0.4837962962962963,0.7797202797202797,0.76,0.6,0.6666666666666666,0.3157894736842105,0.5,0
2500995,3795,3775,France,5.0,3.0,0.0,0.0,1.0,0.0,0.0,1.0,10,15,3.0,6.0,329,630,0.0,2.0,0.34306569343065696,0.656934306569343,0.8479381443298969,0.9077809798270894,0.7142857142857143,1.0,0.3,0.4,0
2500988,3785,3772,France,5.0,4.0,0.0,0.0,1.0,2.0,0.0,0.0,14,12,6.0,4.0,307,354,2.0,1.0,0.46444780635400906,0.5355521936459909,0.8015665796344648,0.7990970654627539,0.8333333333333334,0.6666666666666666,0.42857142857142855,0.3333333333333333,1
2500987,3804,3771,France,2.0,1.0,1.0,0.0,2.0,3.0,1.0,2.0,12,9,2.0,4.0,240,352,1.0,3.0,0.40540540540540543,0.5945945945945946,0.7843137254901961,0.8461538461538461,0.4,0.5,0.16666666666666666,0.4444444444444444,0
2500979,3771,3766,France,4.0,4.0,0.0,0.0,2.0,3.0,1.0,2.0,9,12,5.0,6.0,393,264,2.0,3.0,0.5981735159817352,0.4018264840182648,0.8599562363238512,0.8148148148148148,0.5714285714285714,0.6666666666666666,0.5555555555555556,0.5,0
2500984,3782,3785,France,3.0,4.0,0.0,0.0,2.0,4.0,2.0,0.0,16,9,6.0,3.0,479,284,2.0,0.0,0.6277850589777195,0.3722149410222805,0.863063063063063,0.8352941176470589,1.0,0.6666666666666666,0.375,0.3333333333333333,1
2500980,3777,3770,France,3.0,3.0,0.0,0.0,2.0,0.0,1.0,1.0,8,15,4.0,4.0,357,452,1.0,1.0,0.44128553770086526,0.5587144622991347,0.7986577181208053,0.8173598553345389,0.75,0.75,0.5,0.26666666666666666,0
2500983,3775,3767,France,6.0,3.0,0.0,0.0,0.0,1.0,1.0,1.0,14,20,4.0,8.0,306,528,1.0,2.0,0.3669064748201439,0.6330935251798561,0.8292682926829268,0.9041095890410958,0.75,0.75,0.2857142857142857,0.4,0
2500976,3789,3795,France,3.0,0.0,0.0,0.0,1.0,1.0,0.0,0.0,8,8,1.0,4.0,297,253,1.0,1.0,0.54,0.46,0.7694300518134715,0.7419354838709677,0.75,0.0,0.125,0.5,0
2500977,3799,3783,France,2.0,4.0,0.0,0.0,1.0,2.0,2.0,0.0,12,8,7.0,2.0,248,378,3.0,0.0,0.3961661341853035,0.6038338658146964,0.8078175895765473,0.8217391304347826,1.0,0.5714285714285714,0.5833333333333334,0.25,1
2500982,3787,3804,France,5.0,9.0,0.0,0.0,1.0,4.0,1.0,2.0,17,10,11.0,7.0,322,271,2.0,2.0,0.5430016863406408,0.45699831365935917,0.7931034482758621,0.8065476190476191,0.7142857142857143,0.8181818181818182,0.6470588235294118,0.7,0
2500985,3780,3779,France,2.0,4.0,0.0,0.0,2.0,1.0,1.0,1.0,11,11,5.0,3.0,309,280,2.0,2.0,0.5246179966044142,0.47538200339558573,0.7902813299232737,0.7777777777777778,0.5,0.6666666666666666,0.45454545454545453,0.2727272727272727,0
2500978,3772,3774,France,1.0,2.0,0.0,0.0,2.0,1.0,0.0,1.0,9,5,2.0,3.0,396,334,0.0,2.0,0.5424657534246575,0.4575342465753425,0.8336842105263158,0.8166259168704156,0.3333333333333333,1.0,0.2222222222222222,0.6,0
2500981,19830,3776,France,4.0,2.0,0.0,0.0,2.0,0.0,2.0,1.0,9,11,4.0,5.0,368,431,2.0,1.0,0.46057571964956195,0.5394242803504381,0.8401826484018264,0.8256704980842912,0.8,0.5,0.4444444444444444,0.45454545454545453,1
2500992,3767,3799,France,7.0,5.0,1.0,0.0,1.0,2.0,2.0,0.0,14,18,7.0,8.0,628,303,2.0,1.0,0.6745435016111708,0.32545649838882923,0.9141193595342066,0.8278688524590164,0.875,0.7142857142857143,0.5,0.4444444444444444,1
2500975,3780,3771,France,8.0,5.0,0.0,0.0,2.0,3.0,1.0,2.0,12,21,6.0,9.0,196,396,1.0,2.0,0.3310810810810811,0.668918918918919,0.7424242424242424,0.8301886792452831,0.8,0.8333333333333334,0.5,0.42857142857142855,0
2500970,3766,3783,France,2.0,3.0,0.0,0.0,1.0,1.0,0.0,0.0,20,6,4.0,1.0,591,239,1.0,0.0,0.7120481927710843,0.28795180722891567,0.8900602409638554,0.7660256410256411,1.0,0.75,0.2,0.16666666666666666,1
2500968,3785,3775,France,0.0,5.0,0.0,0.0,3.0,1.0,0.0,3.0,12,17,6.0,5.0,223,433,2.0,5.0,0.3399390243902439,0.6600609756097561,0.7433333333333333,0.8782961460446247,0.0,0.7142857142857143,0.5,0.29411764705882354,0
2500966,3772,3799,France,0.0,3.0,0.0,0.0,0.0,0.0,0.0,0.0,11,8,3.0,0.0,503,235,0.0,0.0,0.6815718157181572,0.31842818428184283,0.8657487091222031,0.7755775577557755,0.0,1.0,0.2727272727272727,0.0,0
2500967,3804,3789,France,2.0,2.0,0.0,0.0,3.0,0.0,0.0,1.0,12,9,3.0,3.0,377,200,1.0,1.0,0.6533795493934142,0.3466204506065858,0.8303964757709251,0.746268656716418,0.6666666666666666,0.6666666666666666,0.25,0.3333333333333333,0
2500969,3776,3787,France,3.0,1.0,0.0,0.0,2.0,2.0,1.0,1.0,5,12,2.0,4.0,329,388,1.0,1.0,0.45885634588563456,0.5411436541143654,0.8414322250639387,0.841648590021692,0.75,0.5,0.4,0.3333333333333333,0
2500971,3770,3795,France,2.0,2.0,0.0,0.0,0.0,1.0,1.0,0.0,19,8,3.0,0.0,488,331,1.0,0.0,0.5958485958485958,0.40415140415140416,0.8413793103448276,0.8275,1.0,0.6666666666666666,0.15789473684210525,0.0,1
2500973,3774,3782,France,2.0,6.0,0.0,0.0,0.0,4.0,1.0,1.0,17,7,7.0,3.0,440,333,1.0,1.0,0.5692108667529108,0.4307891332470893,0.8661417322834646,0.8430379746835444,0.6666666666666666,0.8571428571428571,0.4117647058823529,0.42857142857142855,0
2500972,3767,3777,France,2.0,6.0,0.0,0.0,0.0,1.0,3.0,0.0,18,5,10.0,2.0,497,342,5.0,0.0,0.5923718712753278,0.40762812872467225,0.9003623188405797,0.8702290076335878,1.0,0.5454545454545454,0.5555555555555556,0.4,1
2500974,3779,19830,France,1.0,5.0,0.0,0.0,0.0,1.0,0.0,2.0,30,10,6.0,4.0,415,289,1.0,3.0,0.5894886363636364,0.41051136363636365,0.8333333333333334,0.8186968838526912,0.25,0.8333333333333334,0.2,0.4,0
2500959,3771,3770,France,3.0,2.0,0.0,1.0,3.0,4.0,0.0,0.0,21,10,3.0,4.0,594,102,1.0,1.0,0.853448275862069,0.14655172413793102,0.8986384266263238,0.7083333333333334,0.75,0.6666666666666666,0.14285714285714285,0.4,0
2500962,3787,3766,France,2.0,4.0,0.0,0.0,2.0,2.0,1.0,1.0,10,18,5.0,3.0,224,491,1.0,1.0,0.3132867132867133,0.6867132867132867,0.764505119453925,0.8705673758865248,0.6666666666666666,0.8,0.5,0.16666666666666666,0
2500958,3783,3779,France,1.0,3.0,0.0,0.0,4.0,2.0,2.0,0.0,6,9,4.0,1.0,190,459,2.0,0.0,0.29275808936825887,0.7072419106317411,0.7251908396946565,0.8611632270168855,1.0,0.6,0.6666666666666666,0.1111111111111111,1
2500956,3789,3774,France,3.0,3.0,0.0,0.0,2.0,3.0,0.0,0.0,13,18,3.0,5.0,208,237,0.0,2.0,0.46741573033707867,0.5325842696629214,0.734982332155477,0.7547770700636943,0.6,1.0,0.23076923076923078,0.2777777777777778,0
2500957,3799,3785,France,3.0,3.0,0.0,0.0,1.0,1.0,2.0,0.0,14,11,6.0,3.0,223,473,3.0,0.0,0.3204022988505747,0.6795977011494253,0.7716262975778547,0.8759259259259259,1.0,0.5,0.42857142857142855,0.2727272727272727,1
2500960,3777,3780,France,4.0,0.0,1.0,0.0,0.0,4.0,1.0,1.0,10,17,1.0,4.0,308,355,1.0,1.0,0.4645550527903469,0.5354449472096531,0.8126649076517151,0.7924107142857143,0.8,0.0,0.1,0.23529411764705882,0
2500964,3782,3804,France,4.0,6.0,0.0,0.0,0.0,4.0,1.0,1.0,12,10,6.0,5.0,530,224,2.0,2.0,0.7029177718832891,0.29708222811671087,0.8493589743589743,0.8,0.6666666666666666,0.75,0.5,0.5,0
2500965,3795,3767,France,13.0,2.0,0.0,0.0,3.0,1.0,0.0,2.0,9,20,2.0,13.0,213,686,0.0,2.0,0.23692992213570635,0.7630700778642937,0.7888888888888889,0.9098143236074271,0.8666666666666667,1.0,0.2222222222222222,0.65,0
2500961,19830,3772,France,0.0,3.0,0.0,0.0,0.0,1.0,2.0,1.0,18,6,5.0,1.0,311,319,2.0,1.0,0.4936507936507937,0.5063492063492063,0.7893401015228426,0.8035264483627204,0.0,0.6,0.2777777777777778,0.16666666666666666,1
2500963,3775,3776,France,3.0,6.0,0.0,0.0,3.0,1.0,2.0,1.0,19,11,8.0,4.0,495,394,2.0,1.0,0.5568053993250843,0.4431946006749156,0.8902877697841727,0.8814317673378076,0.75,0.75,0.42105263157894735,0.36363636363636365,1
2500952,3767,3771,France,5.0,1.0,0.0,0.0,6.0,5.0,1.0,0.0,9,15,2.0,5.0,397,290,3.0,0.0,0.5778748180494906,0.42212518195050946,0.8981900452488688,0.8529411764705882,1.0,0.25,0.2222222222222222,0.3333333333333333,1
2500950,3766,3782,France,1.0,4.0,0.0,0.0,1.0,3.0,1.0,1.0,9,8,5.0,2.0,327,410,1.0,1.0,0.44369063772048845,0.5563093622795116,0.8236775818639799,0.8401639344262295,0.5,0.8,0.5555555555555556,0.25,0
2500946,3772,3775,France,0.0,8.0,0.0,0.0,2.0,2.0,0.0,0.0,22,3,7.0,0.0,348,449,0.0,0.0,0.4366373902132999,0.5633626097867002,0.8656716417910447,0.8891089108910891,0.0,1.0,0.3181818181818182,0.0,0
2500947,3804,3783,France,2.0,3.0,0.0,0.0,1.0,4.0,0.0,0.0,13,12,4.0,2.0,273,297,2.0,0.0,0.4789473684210526,0.5210526315789473,0.7690140845070422,0.75,1.0,0.6,0.3076923076923077,0.16666666666666666,1
2500948,3785,3777,France,0.0,6.0,0.0,0.0,3.0,4.0,1.0,1.0,17,7,8.0,2.0,324,191,2.0,2.0,0.629126213592233,0.37087378640776697,0.7980295566502463,0.7490196078431373,0.0,0.75,0.47058823529411764,0.2857142857142857,0
2500949,3776,3799,France,8.0,2.0,0.0,0.0,0.0,2.0,1.0,1.0,14,13,3.0,9.0,558,222,1.0,2.0,0.7153846153846154,0.2846153846153846,0.8624420401854714,0.7900355871886121,0.8,0.6666666666666666,0.21428571428571427,0.6923076923076923,0
2500951,3770,3789,France,0.0,4.0,0.0,0.0,2.0,2.0,0.0,0.0,28,7,4.0,1.0,392,165,0.0,1.0,0.703770197486535,0.296229802513465,0.8032786885245902,0.6962025316455697,0.0,1.0,0.14285714285714285,0.14285714285714285,0
2500953,3774,3795,France,0.0,3.0,0.0,1.0,3.0,1.0,0.0,0.0,9,7,5.0,0.0,476,277,2.0,0.0,0.6321381142098274,0.36786188579017265,0.8638838475499092,0.8052325581395349,0.0,0.6,0.5555555555555556,0.0,1
2500955,3780,19830,France,2.0,4.0,0.0,0.0,1.0,3.0,2.0,1.0,9,7,6.0,4.0,279,359,3.0,3.0,0.4373040752351097,0.5626959247648903,0.7926136363636364,0.823394495412844,0.4,0.5714285714285714,0.6666666666666666,0.5714285714285714,0
2500954,3779,3787,France,2.0,4.0,0.0,0.0,2.0,3.0,0.0,0.0,10,7,4.0,1.0,399,215,0.0,0.0,0.6498371335504886,0.3501628664495114,0.8525641025641025,0.6957928802588996,1.0,1.0,0.4,0.14285714285714285,0
2500925,3795,3804,France,1.0,4.0,0.0,0.0,2.0,1.0,0.0,0.0,8,8,4.0,1.0,291,259,0.0,0.0,0.5290909090909091,0.4709090909090909,0.8083333333333333,0.7754491017964071,1.0,1.0,0.5,0.125,0
2500940,3771,3772,France,1.0,7.0,0.0,0.0,2.0,2.0,1.0,0.0,10,4,8.0,1.0,486,263,1.0,0.0,0.6488651535380507,0.35113484646194926,0.8481675392670157,0.796969696969697,1.0,0.875,0.8,0.25,1
2500939,3776,3766,France,3.0,3.0,0.0,0.0,0.0,4.0,2.0,1.0,13,12,5.0,5.0,397,473,2.0,2.0,0.45632183908045976,0.5436781609195402,0.8783185840707964,0.8890977443609023,0.6,0.6,0.38461538461538464,0.4166666666666667,0
2500943,3775,3770,France,2.0,3.0,0.0,0.0,2.0,0.0,0.0,0.0,12,8,4.0,3.0,508,231,1.0,1.0,0.6874154262516915,0.3125845737483085,0.8683760683760684,0.7993079584775087,0.6666666666666666,0.75,0.3333333333333333,0.375,0
2500936,3789,3780,France,4.0,1.0,1.0,0.0,1.0,0.0,0.0,0.0,7,10,1.0,4.0,267,221,0.0,0.0,0.5471311475409836,0.45286885245901637,0.7606837606837606,0.6993670886075949,1.0,1.0,0.14285714285714285,0.4,0
2500937,3799,3782,France,2.0,4.0,0.0,0.0,1.0,2.0,0.0,0.0,18,10,4.0,3.0,240,449,0.0,1.0,0.3483309143686502,0.6516690856313497,0.7692307692307693,0.8439849624060151,0.6666666666666666,1.0,0.2222222222222222,0.3,0
2500938,3783,3774,France,3.0,5.0,0.0,0.0,2.0,0.0,1.0,2.0,15,11,5.0,5.0,423,247,2.0,2.0,0.6313432835820896,0.3686567164179104,0.8087954110898662,0.7553516819571865,0.6,0.7142857142857143,0.3333333333333333,0.45454545454545453,0
2500942,3787,3785,France,0.0,5.0,0.0,0.0,1.0,1.0,1.0,0.0,18,3,5.0,1.0,493,341,1.0,1.0,0.5911270983213429,0.4088729016786571,0.8244147157190636,0.7893518518518519,0.0,0.8333333333333334,0.2777777777777778,0.3333333333333333,0
2500945,3795,3777,France,5.0,8.0,0.0,0.0,1.0,2.0,1.0,0.0,18,10,9.0,5.0,281,265,1.0,0.0,0.5146520146520146,0.48534798534798534,0.778393351800554,0.7658959537572254,1.0,0.8888888888888888,0.5,0.5,1
2500944,3767,3779,France,0.0,5.0,0.0,0.0,2.0,3.0,2.0,2.0,18,10,10.0,2.0,557,316,5.0,2.0,0.6380297823596792,0.3619702176403207,0.9042207792207793,0.8494623655913979,0.0,0.5,0.5555555555555556,0.2,1
2500941,19830,3804,France,4.0,1.0,0.0,0.0,2.0,1.0,2.0,0.0,15,7,5.0,4.0,325,366,4.0,0.0,0.4703328509406657,0.5296671490593343,0.8290816326530612,0.8356164383561644,1.0,0.2,0.3333333333333333,0.5714285714285714,1
2500930,3766,3774,France,1.0,6.0,0.0,0.0,2.0,1.0,0.0,0.0,18,7,6.0,3.0,498,209,0.0,2.0,0.7043847241867044,0.2956152758132956,0.8630849220103987,0.7683823529411765,0.3333333333333333,1.0,0.3333333333333333,0.42857142857142855,0
2500932,3770,3776,France,2.0,5.0,0.0,0.0,0.0,1.0,2.0,1.0,17,7,6.0,4.0,270,459,2.0,2.0,0.37037037037037035,0.6296296296296297,0.7714285714285715,0.84375,0.5,0.7142857142857143,0.35294117647058826,0.5714285714285714,0
2500934,3779,3795,France,3.0,0.0,0.0,0.0,2.0,2.0,1.0,1.0,13,12,2.0,4.0,241,248,2.0,1.0,0.49284253578732107,0.5071574642126789,0.7484472049689441,0.7425149700598802,0.75,0.0,0.15384615384615385,0.3333333333333333,1
2500926,3799,19830,France,4.0,2.0,0.0,0.0,1.0,0.0,0.0,3.0,10,10,1.0,6.0,341,488,0.0,4.0,0.41133896260554886,0.5886610373944512,0.7875288683602771,0.8399311531841652,0.5,1.0,0.1,0.6,0
2500927,3772,3789,France,3.0,3.0,0.0,0.0,0.0,1.0,2.0,1.0,12,18,5.0,5.0,371,257,3.0,2.0,0.5907643312101911,0.40923566878980894,0.8509174311926605,0.7717717717717718,0.6,0.5,0.4166666666666667,0.2777777777777778,1
2500928,3804,3775,France,3.0,0.0,0.0,0.0,2.0,3.0,1.0,2.0,11,15,3.0,5.0,280,432,3.0,2.0,0.39325842696629215,0.6067415730337079,0.8115942028985508,0.8834355828220859,0.6,0.0,0.2727272727272727,0.3333333333333333,1
2500929,3785,3783,France,2.0,1.0,0.0,0.0,1.0,2.0,0.0,0.0,6,10,1.0,2.0,520,265,0.0,0.0,0.6624203821656051,0.3375796178343949,0.8469055374592834,0.7771260997067448,1.0,1.0,0.16666666666666666,0.2,0
2500931,3777,3787,France,7.0,5.0,0.0,0.0,2.0,1.0,0.0,1.0,11,15,5.0,8.0,369,234,0.0,1.0,0.6119402985074627,0.3880597014925373,0.8127753303964758,0.7548387096774194,0.875,1.0,0.45454545454545453,0.5333333333333333,0
2500935,3780,3767,France,6.0,1.0,0.0,0.0,4.0,2.0,0.0,0.0,3,20,1.0,6.0,134,618,0.0,1.0,0.17819148936170212,0.8218085106382979,0.7282608695652174,0.8765957446808511,0.8571428571428571,1.0,0.3333333333333333,0.3,0
2500933,3782,3771,France,3.0,2.0,0.0,0.0,0.0,0.0,1.0,2.0,8,12,4.0,4.0,417,365,2.0,2.0,0.5332480818414322,0.46675191815856776,0.8208661417322834,0.7832618025751072,0.6,0.5,0.5,0.3333333333333333,0
2500920,19830,3766,France,2.0,4.0,1.0,0.0,3.0,3.0,0.0,1.0,12,12,6.0,4.0,170,499,3.0,2.0,0.25411061285500747,0.7458893871449925,0.7327586206896551,0.8588640275387264,0.5,0.5714285714285714,0.5,0.3333333333333333,1
2500917,3783,3770,France,2.0,4.0,0.0,0.0,1.0,2.0,2.0,2.0,16,14,7.0,4.0,314,311,3.0,2.0,0.5024,0.4976,0.7791563275434243,0.7530266343825666,0.5,0.5714285714285714,0.4375,0.2857142857142857,1
2500923,3774,3785,France,3.0,5.0,0.0,0.0,2.0,4.0,0.0,1.0,12,11,5.0,4.0,323,373,0.0,1.0,0.4640804597701149,0.5359195402298851,0.8455497382198953,0.8654292343387471,0.75,1.0,0.4166666666666667,0.36363636363636365,0
2500916,3789,3782,France,5.0,0.0,0.0,0.0,2.0,1.0,0.0,1.0,7,14,0.0,7.0,232,476,0.0,2.0,0.327683615819209,0.672316384180791,0.725,0.8469750889679716,0.7142857142857143,0.0,0.0,0.5,0
2500921,3787,3799,France,1.0,1.0,0.0,0.0,0.0,2.0,2.0,0.0,8,8,3.0,2.0,612,357,2.0,1.0,0.631578947368421,0.3684210526315789,0.8869565217391304,0.8321678321678322,0.5,0.3333333333333333,0.375,0.25,1
2500922,3775,3780,France,0.0,2.0,0.0,0.0,2.0,2.0,0.0,0.0,14,6,2.0,1.0,673,186,0.0,1.0,0.7834691501746216,0.21653084982537835,0.8855263157894737,0.8051948051948052,0.0,1.0,0.14285714285714285,0.16666666666666666,0
2500924,3779,3772,France,2.0,0.0,0.0,0.0,1.0,4.0,0.0,1.0,7,7,0.0,4.0,313,238,0.0,2.0,0.5680580762250453,0.4319419237749546,0.7924050632911392,0.750788643533123,0.5,0.0,0.0,0.5714285714285714,0
2500918,3776,3767,France,6.0,3.0,0.0,0.0,1.0,1.0,0.0,0.0,10,19,3.0,9.0,240,607,0.0,3.0,0.2833530106257379,0.7166469893742621,0.8135593220338984,0.9059701492537313,0.6666666666666666,1.0,0.3,0.47368421052631576,0
2500919,3771,3777,France,5.0,4.0,0.0,0.0,1.0,0.0,6.0,1.0,13,18,8.0,8.0,463,220,6.0,3.0,0.677891654465593,0.32210834553440704,0.8670411985018727,0.738255033557047,0.625,0.4,0.6153846153846154,0.4444444444444444,1
2500911,3771,19830,France,2.0,3.0,0.0,0.0,3.0,2.0,1.0,0.0,14,8,5.0,4.0,373,261,2.0,2.0,0.5883280757097792,0.4116719242902208,0.8382022471910112,0.786144578313253,0.5,0.6,0.35714285714285715,0.5,0
2500907,3772,3766,France,4.0,1.0,1.0,0.0,3.0,3.0,1.0,1.0,8,9,4.0,4.0,258,549,3.0,1.0,0.31970260223048325,0.6802973977695167,0.8431372549019608,0.9014778325123153,0.8,0.25,0.5,0.4444444444444444,1
2500910,3776,3779,France,1.0,3.0,0.0,0.0,1.0,1.0,2.0,1.0,8,11,5.0,2.0,424,290,2.0,1.0,0.5938375350140056,0.4061624649859944,0.8446215139442231,0.8262108262108262,0.5,0.6,0.625,0.18181818181818182,1
2500906,3799,3789,France,1.0,6.0,0.0,0.0,1.0,3.0,0.0,0.0,15,3,7.0,0.0,244,365,1.0,0.0,0.4006568144499179,0.5993431855500821,0.7577639751552795,0.8257918552036199,1.0,0.8571428571428571,0.4666666666666667,0.0,1
2500909,3785,3770,France,3.0,0.0,0.0,0.0,2.0,3.0,0.0,1.0,5,11,0.0,6.0,322,254,0.0,3.0,0.5590277777777778,0.4409722222222222,0.8090452261306532,0.7987421383647799,0.5,0.0,0.0,0.5454545454545454,0
2500912,3777,3775,France,4.0,3.0,0.0,1.0,4.0,5.0,1.0,0.0,15,10,5.0,4.0,411,275,2.0,1.0,0.5991253644314869,0.4008746355685131,0.8509316770186336,0.8283132530120482,0.8,0.6,0.3333333333333333,0.4,1
2500914,3782,3783,France,3.0,2.0,0.0,0.0,2.0,1.0,2.0,0.0,13,13,4.0,3.0,456,262,2.0,1.0,0.6350974930362117,0.3649025069637883,0.8571428571428571,0.7987804878048781,0.75,0.5,0.3076923076923077,0.23076923076923078,1
2500915,3780,3795,France,0.0,7.0,0.0,1.0,1.0,4.0,1.0,0.0,20,1,7.0,0.0,450,278,1.0,0.0,0.6181318681318682,0.38186813186813184,0.8637236084452975,0.8011527377521613,0.0,0.875,0.35,0.0,1
2500913,3767,3787,France,3.0,4.0,0.0,0.0,1.0,2.0,3.0,0.0,11,15,7.0,3.0,554,197,4.0,0.0,0.7376830892143809,0.2623169107856192,0.8949919224555735,0.76953125,1.0,0.5,0.6363636363636364,0.2,1
2500908,3804,3774,France,3.0,2.0,0.0,0.0,3.0,2.0,2.0,1.0,13,10,4.0,4.0,389,343,2.0,1.0,0.5314207650273224,0.4685792349726776,0.8587196467991169,0.8265060240963855,0.75,0.5,0.3076923076923077,0.4,1
2500898,3766,3767,France,3.0,5.0,0.0,1.0,1.0,3.0,0.0,1.0,11,10,6.0,3.0,284,516,2.0,1.0,0.355,0.645,0.8045325779036827,0.8865979381443299,0.75,0.7142857142857143,0.5454545454545454,0.3,1
2500899,19830,3777,France,2.0,4.0,0.0,1.0,1.0,1.0,2.0,1.0,13,4,7.0,3.0,431,220,3.0,1.0,0.6620583717357911,0.3379416282642089,0.8484251968503937,0.7586206896551724,0.6666666666666666,0.5714285714285714,0.5384615384615384,0.75,1
2500902,3775,3782,France,3.0,1.0,0.0,0.0,3.0,1.0,0.0,0.0,8,8,2.0,3.0,498,368,1.0,0.0,0.5750577367205543,0.42494226327944573,0.9222222222222223,0.8618266978922716,1.0,0.5,0.25,0.375,1
2500896,3789,3785,France,1.0,3.0,0.0,0.0,0.0,2.0,1.0,0.0,12,6,6.0,2.0,322,347,3.0,1.0,0.4813153961136024,0.5186846038863976,0.8090452261306532,0.8203309692671394,0.5,0.5,0.5,0.3333333333333333,1
2500900,3787,3780,France,3.0,3.0,0.0,1.0,1.0,4.0,0.0,0.0,19,9,5.0,3.0,425,201,2.0,1.0,0.6789137380191693,0.3210862619808307,0.8483033932135728,0.7913385826771654,0.75,0.6,0.2631578947368421,0.3333333333333333,1
2500903,3774,3799,France,3.0,1.0,0.0,1.0,3.0,5.0,0.0,0.0,10,9,2.0,3.0,558,199,1.0,0.0,0.7371202113606341,0.2628797886393659,0.8664596273291926,0.796,1.0,0.5,0.2,0.3333333333333333,1
2500904,3779,3804,France,3.0,6.0,0.0,0.0,1.0,1.0,1.0,1.0,14,11,8.0,5.0,309,236,3.0,2.0,0.5669724770642202,0.43302752293577984,0.8153034300791556,0.7737704918032787,0.6,0.6666666666666666,0.5714285714285714,0.45454545454545453,1
2500905,3795,3776,France,1.0,1.0,0.0,0.0,0.0,1.0,1.0,0.0,6,8,2.0,1.0,303,542,1.0,0.0,0.3585798816568047,0.6414201183431952,0.808,0.8784440842787682,1.0,0.5,0.3333333333333333,0.125,1
2500901,3770,3772,France,2.0,4.0,0.0,0.0,1.0,2.0,0.0,1.0,12,9,3.0,3.0,379,270,0.0,1.0,0.5839753466872111,0.41602465331278893,0.8536036036036037,0.8132530120481928,0.6666666666666666,1.0,0.25,0.3333333333333333,0
2500897,3783,3771,France,2.0,1.0,0.0,0.0,2.0,3.0,0.0,0.0,4,12,1.0,4.0,258,458,0.0,2.0,0.36033519553072624,0.6396648044692738,0.7610619469026548,0.8342440801457195,0.5,1.0,0.25,0.3333333333333333,0
2500894,3767,3804,France,1.0,6.0,0.0,0.0,0.0,1.0,2.0,0.0,22,6,14.0,1.0,570,203,8.0,0.0,0.7373868046571799,0.2626131953428202,0.8962264150943396,0.7718631178707225,1.0,0.42857142857142855,0.6363636363636364,0.16666666666666666,1
2500886,3789,3787,France,4.0,3.0,0.0,0.0,2.0,1.0,1.0,1.0,12,15,3.0,5.0,427,367,1.0,1.0,0.5377833753148614,0.4622166246851385,0.830739299610895,0.8065934065934066,0.8,0.75,0.25,0.3333333333333333,0
2500887,3799,3795,France,2.0,2.0,0.0,0.0,0.0,5.0,3.0,1.0,11,8,5.0,2.0,267,323,3.0,1.0,0.45254237288135596,0.5474576271186441,0.7876106194690266,0.7936117936117936,0.6666666666666666,0.4,0.45454545454545453,0.25,1
2500889,3785,3766,France,11.0,3.0,0.0,0.0,2.0,2.0,0.0,2.0,9,22,3.0,13.0,290,447,0.0,2.0,0.39348710990502034,0.6065128900949797,0.8357348703170029,0.8679611650485437,0.8461538461538461,1.0,0.3333333333333333,0.5909090909090909,0
2500890,3776,3774,France,10.0,2.0,0.0,0.0,1.0,0.0,1.0,1.0,10,20,3.0,12.0,331,443,1.0,2.0,0.42764857881136953,0.5723514211886305,0.8619791666666666,0.8552123552123552,0.8333333333333334,0.6666666666666666,0.3,0.6,0
2500892,3777,3782,France,4.0,9.0,0.0,1.0,1.0,4.0,2.0,0.0,18,7,12.0,4.0,283,413,3.0,0.0,0.40660919540229884,0.5933908045977011,0.7628032345013477,0.7821969696969697,1.0,0.75,0.6666666666666666,0.5714285714285714,1
2500895,3780,3770,France,1.0,2.0,0.0,0.0,3.0,4.0,0.0,1.0,13,11,3.0,2.0,404,220,1.0,1.0,0.6474358974358975,0.3525641025641026,0.8228105906313645,0.707395498392283,0.5,0.6666666666666666,0.23076923076923078,0.18181818181818182,0
2500893,19830,3775,France,3.0,1.0,0.0,0.0,4.0,4.0,0.0,1.0,6,9,3.0,5.0,351,445,2.0,2.0,0.44095477386934673,0.5590452261306532,0.8258823529411765,0.8524904214559387,0.6,0.3333333333333333,0.5,0.5555555555555556,0
2500888,3772,3783,France,1.0,5.0,1.0,0.0,3.0,5.0,0.0,1.0,11,10,4.0,3.0,318,364,0.0,2.0,0.4662756598240469,0.533724340175953,0.8050632911392405,0.814317673378076,0.3333333333333333,1.0,0.36363636363636365,0.3,0
2500891,3771,3779,France,2.0,5.0,0.0,0.0,2.0,3.0,1.0,0.0,14,3,6.0,2.0,403,194,2.0,0.0,0.6750418760469011,0.3249581239530988,0.8448637316561844,0.7698412698412699,1.0,0.7142857142857143,0.42857142857142855,0.6666666666666666,1
2500880,3770,3767,France,2.0,3.0,1.0,0.0,3.0,2.0,0.0,1.0,12,18,3.0,3.0,235,575,0.0,1.0,0.29012345679012347,0.7098765432098766,0.8047945205479452,0.8914728682170543,0.6666666666666666,1.0,0.25,0.16666666666666666,0
2500878,3766,3799,France,1.0,9.0,0.0,1.0,2.0,4.0,1.0,0.0,21,8,8.0,2.0,572,162,1.0,1.0,0.779291553133515,0.22070844686648503,0.8827160493827161,0.7330316742081447,0.5,0.9,0.38095238095238093,0.25,0
2500883,3782,3780,France,8.0,3.0,0.0,0.0,2.0,3.0,0.0,0.0,8,19,5.0,8.0,266,205,2.0,0.0,0.564755838641189,0.43524416135881105,0.8085106382978723,0.7620817843866171,1.0,0.6,0.625,0.42105263157894735,1
2500876,3783,3776,France,4.0,7.0,1.0,1.0,3.0,3.0,0.0,1.0,13,12,7.0,5.0,238,415,0.0,1.0,0.36447166921898927,0.6355283307810107,0.7777777777777778,0.8886509635974305,0.8,1.0,0.5384615384615384,0.4166666666666667,0
2500877,3804,3777,France,4.0,5.0,1.0,0.0,2.0,2.0,0.0,0.0,11,12,6.0,5.0,319,352,1.0,1.0,0.47540983606557374,0.5245901639344263,0.7975,0.8110599078341014,0.8,0.8333333333333334,0.5454545454545454,0.4166666666666667,0
2500879,3787,19830,France,6.0,3.0,0.0,0.0,5.0,1.0,0.0,0.0,13,13,2.0,6.0,335,330,0.0,0.0,0.5037593984962406,0.49624060150375937,0.8271604938271605,0.8418367346938775,1.0,1.0,0.15384615384615385,0.46153846153846156,0
2500881,3775,3789,France,3.0,6.0,0.0,0.0,1.0,0.0,1.0,0.0,20,9,7.0,3.0,601,260,1.0,0.0,0.6980255516840883,0.30197444831591175,0.9010494752623688,0.858085808580858,1.0,0.8571428571428571,0.35,0.3333333333333333,1
2500885,3795,3772,France,3.0,3.0,0.0,0.0,4.0,0.0,0.0,1.0,7,10,2.0,4.0,427,217,0.0,1.0,0.6630434782608695,0.33695652173913043,0.8405511811023622,0.7380952380952381,0.75,1.0,0.2857142857142857,0.4,0
2500882,3774,3771,France,3.0,3.0,0.0,0.0,1.0,2.0,0.0,3.0,11,17,3.0,5.0,277,377,0.0,3.0,0.4235474006116208,0.5764525993883792,0.7737430167597765,0.8377777777777777,0.5,1.0,0.2727272727272727,0.29411764705882354,0
2500884,3779,3785,France,3.0,3.0,0.0,0.0,1.0,2.0,0.0,1.0,14,8,3.0,5.0,299,275,0.0,2.0,0.5209059233449478,0.47909407665505227,0.7686375321336761,0.792507204610951,0.6,1.0,0.21428571428571427,0.625,0
2500867,3799,3804,France,3.0,9.0,0.0,1.0,3.0,4.0,0.0,0.0,23,15,11.0,4.0,259,305,2.0,1.0,0.4592198581560284,0.5407801418439716,0.7824773413897281,0.8047493403693932,0.75,0.8181818181818182,0.4782608695652174,0.26666666666666666,1
2500870,3776,3775,France,2.0,1.0,0.0,0.0,2.0,4.0,1.0,0.0,7,7,2.0,3.0,404,408,1.0,1.0,0.4975369458128079,0.5024630541871922,0.8614072494669509,0.9066666666666666,0.6666666666666666,0.5,0.2857142857142857,0.42857142857142855,0
2500871,3771,3795,France,1.0,5.0,0.0,0.0,1.0,0.0,2.0,0.0,19,8,8.0,2.0,519,282,3.0,1.0,0.6479400749063671,0.352059925093633,0.8722689075630252,0.8126801152737753,0.5,0.625,0.42105263157894735,0.25,1
2500874,3767,3783,France,3.0,5.0,0.0,0.0,2.0,2.0,3.0,0.0,18,9,6.0,4.0,544,208,3.0,1.0,0.723404255319149,0.2765957446808511,0.8717948717948718,0.8156862745098039,0.75,0.625,0.3333333333333333,0.4444444444444444,1
2500866,3789,3770,France,4.0,6.0,0.0,0.0,3.0,1.0,0.0,1.0,11,14,5.0,5.0,296,350,0.0,1.0,0.4582043343653251,0.541795665634675,0.774869109947644,0.8064516129032258,0.8,1.0,0.45454545454545453,0.35714285714285715,0
2500868,3772,3787,France,5.0,1.0,0.0,0.0,3.0,3.0,0.0,1.0,7,13,1.0,6.0,410,304,0.0,2.0,0.5742296918767507,0.4257703081232493,0.835030549898167,0.8063660477453581,0.7142857142857143,1.0,0.14285714285714285,0.46153846153846156,0
2500869,3785,3782,France,2.0,5.0,0.0,1.0,3.0,2.0,0.0,1.0,25,3,7.0,3.0,570,86,2.0,1.0,0.8689024390243902,0.13109756097560976,0.9033280507131537,0.7107438016528925,0.6666666666666666,0.7142857142857143,0.28,1.0,1
2500872,3777,3779,France,3.0,6.0,0.0,0.0,4.0,1.0,3.0,0.0,22,6,9.0,2.0,336,310,3.0,0.0,0.5201238390092879,0.47987616099071206,0.8818897637795275,0.8333333333333334,1.0,0.6666666666666666,0.4090909090909091,0.3333333333333333,1
2500873,19830,3774,France,1.0,2.0,0.0,0.0,3.0,2.0,1.0,0.0,11,7,4.0,2.0,372,217,2.0,1.0,0.631578947368421,0.3684210526315789,0.8322147651006712,0.7614035087719299,0.5,0.5,0.36363636363636365,0.2857142857142857,1
2500875,3780,3766,France,7.0,4.0,0.0,0.0,3.0,2.0,0.0,1.0,16,14,5.0,9.0,303,382,1.0,2.0,0.44233576642335765,0.5576642335766423,0.7769230769230769,0.8432671081677704,0.7777777777777778,0.8,0.3125,0.6428571428571429,0
2500858,3766,3771,France,6.0,4.0,0.0,0.0,0.0,2.0,1.0,0.0,8,18,5.0,5.0,276,417,2.0,0.0,0.39826839826839827,0.6017316017316018,0.7976878612716763,0.8424242424242424,1.0,0.6666666666666666,0.625,0.2777777777777778,1
2500861,3775,3772,France,1.0,2.0,0.0,0.0,1.0,2.0,1.0,0.0,9,10,3.0,1.0,639,251,1.0,0.0,0.7179775280898877,0.28202247191011237,0.9102564102564102,0.814935064935065,1.0,0.6666666666666666,0.3333333333333333,0.1,1
2500860,3770,3799,France,0.0,3.0,1.0,0.0,3.0,2.0,0.0,0.0,9,6,4.0,0.0,243,459,1.0,0.0,0.34615384615384615,0.6538461538461539,0.7788461538461539,0.8563432835820896,0.0,0.75,0.4444444444444444,0.0,1
2500859,3787,3777,France,1.0,2.0,0.0,0.0,1.0,2.0,1.0,3.0,9,6,3.0,4.0,330,320,1.0,3.0,0.5076923076923077,0.49230769230769234,0.7894736842105263,0.8142493638676844,0.25,0.6666666666666666,0.3333333333333333,0.6666666666666666,0
2500856,3783,3785,France,5.0,3.0,0.0,0.0,2.0,4.0,0.0,0.0,11,9,2.0,5.0,291,340,0.0,0.0,0.4611727416798732,0.5388272583201268,0.8083333333333333,0.815347721822542,1.0,1.0,0.18181818181818182,0.5555555555555556,0
2500857,3804,3776,France,5.0,5.0,0.0,0.0,1.0,1.0,1.0,0.0,12,9,7.0,5.0,377,448,3.0,0.0,0.45696969696969697,0.5430303030303031,0.8415178571428571,0.8533333333333334,1.0,0.625,0.5833333333333334,0.5555555555555556,1
2500864,3779,3780,France,2.0,3.0,0.0,0.0,2.0,4.0,1.0,0.0,9,11,5.0,3.0,224,206,2.0,1.0,0.5209302325581395,0.4790697674418605,0.7320261437908496,0.7054794520547946,0.6666666666666666,0.6,0.5555555555555556,0.2727272727272727,1
2500865,3795,3789,France,3.0,7.0,0.0,0.0,4.0,2.0,0.0,0.0,18,10,7.0,3.0,276,371,1.0,0.0,0.4265842349304482,0.5734157650695518,0.7796610169491526,0.803030303030303,1.0,0.875,0.3888888888888889,0.3,1
2500862,3774,3767,France,6.0,1.0,1.0,1.0,4.0,3.0,0.0,4.0,14,21,2.0,10.0,201,580,1.0,4.0,0.2573623559539053,0.7426376440460948,0.7913385826771654,0.8936825885978429,0.6,0.5,0.14285714285714285,0.47619047619047616,0
2500863,3782,19830,France,7.0,3.0,1.0,0.0,1.0,0.0,0.0,2.0,5,22,3.0,9.0,272,462,0.0,4.0,0.37057220708446864,0.6294277929155313,0.8047337278106509,0.8783269961977186,0.6363636363636364,1.0,0.6,0.4090909090909091,0
2500850,3771,3782,France,0.0,5.0,0.0,1.0,1.0,2.0,3.0,0.0,19,5,7.0,1.0,553,182,3.0,0.0,0.7523809523809524,0.24761904761904763,0.8862179487179487,0.774468085106383,0.0,0.625,0.3684210526315789,0.2,1
2500853,3770,3775,France,3.0,4.0,0.0,0.0,1.0,4.0,1.0,2.0,22,10,4.0,5.0,343,540,1.0,2.0,0.3884484711211778,0.6115515288788222,0.849009900990099,0.8823529411764706,0.6,0.8,0.18181818181818182,0.5,0
2500846,3789,3766,France,2.0,5.0,0.0,0.0,1.0,2.0,1.0,2.0,13,11,6.0,3.0,290,416,1.0,2.0,0.41076487252124644,0.5892351274787535,0.7880434782608695,0.8286852589641435,0.5,0.8333333333333334,0.46153846153846156,0.2727272727272727,0
2500847,3799,3787,France,6.0,3.0,0.0,0.0,3.0,2.0,1.0,0.0,11,11,4.0,7.0,427,317,1.0,1.0,0.5739247311827957,0.4260752688172043,0.8372549019607843,0.8276762402088773,0.8571428571428571,0.75,0.36363636363636365,0.6363636363636364,0
2500849,3785,3804,France,1.0,6.0,0.0,1.0,0.0,0.0,2.0,0.0,18,7,10.0,1.0,530,215,4.0,0.0,0.7114093959731543,0.28859060402684567,0.8952702702702703,0.7818181818181819,1.0,0.6,0.5555555555555556,0.14285714285714285,1
2500851,3777,3774,France,3.0,5.0,0.0,0.0,3.0,3.0,0.0,1.0,12,5,5.0,4.0,292,269,1.0,1.0,0.5204991087344029,0.47950089126559714,0.7704485488126649,0.7410468319559229,0.75,0.8333333333333334,0.4166666666666667,0.8,0
2500852,19830,3795,France,1.0,5.0,0.0,0.0,4.0,5.0,2.0,0.0,18,5,7.0,3.0,439,185,3.0,2.0,0.7035256410256411,0.296474358974359,0.8409961685823755,0.7644628099173554,0.3333333333333333,0.625,0.3888888888888889,0.6,1
2500855,3780,3783,France,4.0,2.0,0.0,0.0,1.0,2.0,0.0,0.0,10,9,3.0,2.0,245,235,2.0,0.0,0.5104166666666666,0.4895833333333333,0.7515337423312883,0.6932153392330384,1.0,0.5,0.3,0.2222222222222222,1
2500854,3767,3776,France,1.0,2.0,0.0,0.0,2.0,2.0,2.0,0.0,15,7,5.0,2.0,558,304,3.0,1.0,0.6473317865429234,0.35266821345707655,0.8773584905660378,0.8150134048257373,0.5,0.4,0.3333333333333333,0.2857142857142857,1
2500848,3772,3779,France,1.0,2.0,0.0,0.0,3.0,1.0,0.0,0.0,9,10,2.0,4.0,370,203,0.0,3.0,0.6457242582897034,0.3542757417102967,0.8131868131868132,0.79296875,0.25,1.0,0.2222222222222222,0.4,0
2500840,3787,3771,France,1.0,3.0,0.0,0.0,4.0,2.0,0.0,0.0,10,6,4.0,2.0,168,526,1.0,1.0,0.2420749279538905,0.7579250720461095,0.691358024691358,0.8930390492359932,0.5,0.75,0.4,0.3333333333333333,0
2500836,3783,3766,France,2.0,2.0,0.0,0.0,1.0,3.0,0.0,0.0,20,12,3.0,4.0,255,311,1.0,2.0,0.450530035335689,0.549469964664311,0.7774390243902439,0.8098958333333334,0.5,0.6666666666666666,0.15,0.3333333333333333,0
2500843,3782,3770,France,7.0,3.0,0.0,0.0,4.0,1.0,0.0,0.0,13,20,4.0,6.0,286,284,1.0,1.0,0.5017543859649123,0.4982456140350877,0.7878787878787878,0.7696476964769647,0.875,0.75,0.3076923076923077,0.3,0
2500838,3776,3780,France,3.0,2.0,0.0,0.0,2.0,3.0,0.0,0.0,10,9,3.0,2.0,284,261,1.0,0.0,0.5211009174311927,0.47889908256880737,0.8402366863905325,0.7909090909090909,1.0,0.6666666666666666,0.3,0.2222222222222222,1
2500839,19830,3799,France,2.0,1.0,0.0,0.0,3.0,3.0,1.0,0.0,5,6,2.0,1.0,478,287,1.0,0.0,0.6248366013071895,0.37516339869281046,0.8475177304964538,0.7632978723404256,1.0,0.5,0.4,0.16666666666666666,1
2500841,3775,3777,France,4.0,5.0,0.0,0.0,0.0,2.0,0.0,1.0,13,13,7.0,5.0,563,325,3.0,1.0,0.634009009009009,0.36599099099099097,0.8742236024844721,0.8312020460358056,0.8,0.625,0.5384615384615384,0.38461538461538464,1
2500842,3774,3789,France,2.0,3.0,0.0,0.0,1.0,5.0,1.0,0.0,24,5,5.0,2.0,371,306,2.0,0.0,0.5480059084194978,0.4519940915805022,0.8207964601769911,0.796875,1.0,0.6,0.20833333333333334,0.4,1
2500845,3795,3785,France,4.0,3.0,1.0,1.0,2.0,2.0,0.0,0.0,12,12,3.0,5.0,359,541,0.0,1.0,0.3988888888888889,0.6011111111111112,0.8466981132075472,0.8868852459016393,0.8,1.0,0.25,0.4166666666666667,0
2500844,3779,3767,France,5.0,0.0,0.0,0.0,4.0,3.0,2.0,1.0,5,26,2.0,6.0,149,529,2.0,1.0,0.21976401179941002,0.7802359882005899,0.7198067632850241,0.8729372937293729,0.8333333333333334,0.0,0.4,0.23076923076923078,1
2500837,3804,3772,France,4.0,2.0,0.0,0.0,2.0,2.0,3.0,0.0,15,14,5.0,6.0,348,311,3.0,2.0,0.5280728376327769,0.47192716236722304,0.8365384615384616,0.8293333333333334,0.6666666666666666,0.4,0.3333333333333333,0.42857142857142855,1
2500833,3767,3795,France,3.0,4.0,0.0,0.0,0.0,1.0,1.0,0.0,19,5,5.0,3.0,540,285,2.0,0.0,0.6545454545454545,0.34545454545454546,0.8723747980613893,0.7960893854748603,1.0,0.6666666666666666,0.2631578947368421,0.6,1
2500827,3799,3774,France,1.0,3.0,0.0,0.0,0.0,1.0,1.0,2.0,10,7,4.0,3.0,285,480,1.0,2.0,0.37254901960784315,0.6274509803921569,0.7851239669421488,0.8633093525179856,0.3333333333333333,0.75,0.4,0.42857142857142855,0
2500829,3785,3787,France,4.0,1.0,0.0,0.0,1.0,3.0,0.0,0.0,10,6,1.0,4.0,375,233,0.0,0.0,0.6167763157894737,0.3832236842105263,0.8581235697940504,0.7491961414790996,1.0,1.0,0.1,0.6666666666666666,0
2500830,3766,3776,France,1.0,4.0,0.0,0.0,0.0,1.0,1.0,1.0,20,7,4.0,3.0,467,330,1.0,2.0,0.5859473023839398,0.41405269761606023,0.860036832412523,0.8483290488431876,0.3333333333333333,0.8,0.2,0.42857142857142855,0
2500831,3777,3771,France,5.0,4.0,0.0,0.0,1.0,0.0,0.0,2.0,9,20,4.0,8.0,223,532,0.0,3.0,0.295364238410596,0.704635761589404,0.7408637873754153,0.8807947019867549,0.625,1.0,0.4444444444444444,0.4,0
2500832,3770,19830,France,1.0,4.0,0.0,0.0,0.0,0.0,0.0,0.0,15,9,5.0,1.0,384,354,1.0,0.0,0.5203252032520326,0.4796747967479675,0.8,0.8100686498855835,1.0,0.8,0.3333333333333333,0.1111111111111111,1
2500835,3780,3775,France,3.0,3.0,1.0,1.0,3.0,4.0,1.0,1.0,14,8,3.0,5.0,262,571,1.0,2.0,0.31452581032412963,0.6854741896758704,0.8213166144200627,0.9121405750798722,0.6,0.75,0.21428571428571427,0.625,0
2500828,3772,3782,France,5.0,2.0,0.0,0.0,1.0,2.0,1.0,0.0,12,12,5.0,5.0,307,351,3.0,0.0,0.46656534954407297,0.5334346504559271,0.8186666666666667,0.8258823529411765,1.0,0.4,0.4166666666666667,0.4166666666666667,1
2500826,3789,3804,France,7.0,3.0,0.0,0.0,0.0,2.0,0.0,1.0,8,15,5.0,7.0,277,478,2.0,1.0,0.36688741721854307,0.633112582781457,0.7869318181818182,0.8371278458844134,0.875,0.6,0.625,0.4666666666666667,1
2500834,3779,3783,France,1.0,2.0,0.0,0.0,1.0,2.0,0.0,0.0,5,15,2.0,1.0,338,241,0.0,0.0,0.5837651122625216,0.4162348877374784,0.8028503562945368,0.7774193548387097,1.0,1.0,0.4,0.06666666666666667,0
2500820,19830,3767,France,3.0,1.0,0.0,0.0,3.0,4.0,0.0,1.0,8,17,2.0,5.0,243,544,1.0,2.0,0.3087674714104193,0.6912325285895807,0.7763578274760383,0.8717948717948718,0.6,0.5,0.25,0.29411764705882354,0
2500818,3771,3785,France,1.0,7.0,0.0,0.0,2.0,2.0,0.0,0.0,21,4,7.0,1.0,624,280,1.0,0.0,0.6902654867256637,0.30973451327433627,0.9004329004329005,0.7977207977207977,1.0,0.875,0.3333333333333333,0.25,1
2500822,3775,3766,France,3.0,3.0,1.0,0.0,5.0,3.0,0.0,3.0,10,11,3.0,7.0,412,444,0.0,5.0,0.48130841121495327,0.5186915887850467,0.8784648187633263,0.9024390243902439,0.375,1.0,0.3,0.6363636363636364,0
2500816,3783,3772,France,4.0,1.0,0.0,0.0,2.0,3.0,1.0,0.0,12,10,2.0,4.0,240,391,1.0,0.0,0.3803486529318542,0.6196513470681458,0.7317073170731707,0.8078512396694215,1.0,0.5,0.16666666666666666,0.4,1
2500817,3804,3780,France,2.0,2.0,0.0,0.0,3.0,2.0,2.0,1.0,12,10,5.0,2.0,278,255,3.0,1.0,0.5215759849906192,0.47842401500938087,0.7513513513513513,0.7544378698224852,0.6666666666666666,0.4,0.4166666666666667,0.2,1
2500819,3777,3789,France,0.0,6.0,0.0,0.0,1.0,0.0,0.0,1.0,20,11,6.0,2.0,286,299,0.0,2.0,0.4888888888888889,0.5111111111111111,0.77088948787062,0.8259668508287292,0.0,1.0,0.3,0.18181818181818182,0
2500821,3787,3776,France,4.0,3.0,0.0,0.0,1.0,6.0,3.0,0.0,18,10,6.0,4.0,263,472,3.0,0.0,0.3578231292517007,0.6421768707482993,0.7921686746987951,0.8660550458715597,1.0,0.5,0.3333333333333333,0.4,1
2500825,3795,3799,France,4.0,1.0,0.0,0.0,2.0,4.0,2.0,0.0,9,8,3.0,3.0,259,483,3.0,0.0,0.3490566037735849,0.6509433962264151,0.8170347003154574,0.8385416666666666,1.0,0.25,0.3333333333333333,0.375,1
2500823,3774,3770,France,0.0,2.0,0.0,1.0,3.0,6.0,1.0,0.0,13,10,4.0,1.0,255,228,2.0,1.0,0.5279503105590062,0.4720496894409938,0.7391304347826086,0.7192429022082019,0.0,0.5,0.3076923076923077,0.1,1
2500824,3782,3779,France,2.0,3.0,0.0,0.0,4.0,2.0,0.0,0.0,10,10,5.0,4.0,436,276,2.0,2.0,0.6123595505617978,0.38764044943820225,0.8433268858800773,0.773109243697479,0.5,0.6,0.5,0.4,0
2500756,3789,3776,France,1.0,1.0,0.0,0.0,3.0,2.0,3.0,0.0,8,11,4.0,1.0,206,475,3.0,0.0,0.302496328928047,0.697503671071953,0.7657992565055762,0.8421985815602837,1.0,0.25,0.5,0.09090909090909091,1
2500807,3772,3771,France,2.0,2.0,0.0,0.0,4.0,2.0,0.0,0.0,9,13,3.0,3.0,222,448,1.0,1.0,0.33134328358208953,0.6686567164179105,0.7928571428571428,0.8484848484848485,0.6666666666666666,0.6666666666666666,0.3333333333333333,0.23076923076923078,0
2500812,3766,3787,France,2.0,4.0,0.0,0.0,2.0,1.0,0.0,0.0,14,13,3.0,2.0,414,229,0.0,0.0,0.6438569206842923,0.3561430793157076,0.8038834951456311,0.7633333333333333,1.0,1.0,0.21428571428571427,0.15384615384615385,0
2500808,3783,3775,France,6.0,3.0,0.0,0.0,2.0,3.0,1.0,1.0,17,12,3.0,7.0,266,527,1.0,1.0,0.3354350567465322,0.6645649432534678,0.7556818181818182,0.8797996661101837,0.8571428571428571,0.75,0.17647058823529413,0.5833333333333334,0
2500809,3804,3795,France,3.0,5.0,0.0,0.0,1.0,1.0,2.0,1.0,15,10,8.0,4.0,479,353,3.0,1.0,0.5757211538461539,0.42427884615384615,0.8709090909090909,0.8325471698113207,0.75,0.625,0.5333333333333333,0.4,1
2500810,3785,3799,France,2.0,1.0,1.0,0.0,3.0,4.0,1.0,0.0,7,9,2.0,2.0,186,368,1.0,1.0,0.33574007220216606,0.6642599277978339,0.7099236641221374,0.832579185520362,0.6666666666666666,0.5,0.2857142857142857,0.2222222222222222,0
2500814,3779,3774,France,3.0,3.0,0.0,1.0,1.0,0.0,1.0,1.0,10,9,5.0,3.0,307,289,2.0,1.0,0.5151006711409396,0.4848993288590604,0.8057742782152231,0.7853260869565217,0.75,0.6,0.5,0.3333333333333333,1
2500815,3780,3777,France,6.0,5.0,0.0,1.0,2.0,3.0,0.0,0.0,19,13,3.0,6.0,412,203,0.0,0.0,0.6699186991869919,0.3300813008130081,0.8323232323232324,0.7631578947368421,1.0,1.0,0.15789473684210525,0.46153846153846156,0
2500813,3767,3770,France,0.0,6.0,0.0,0.0,2.0,3.0,2.0,1.0,24,7,10.0,1.0,625,183,4.0,1.0,0.7735148514851485,0.2264851485148515,0.8979885057471264,0.7656903765690377,0.0,0.6,0.4166666666666667,0.14285714285714285,1
2500806,3789,19830,France,3.0,1.0,0.0,0.0,2.0,3.0,1.0,1.0,10,15,2.0,4.0,217,428,1.0,1.0,0.3364341085271318,0.6635658914728683,0.7306397306397306,0.8458498023715415,0.75,0.5,0.2,0.26666666666666666,0
2500811,3776,3782,France,2.0,3.0,0.0,0.0,2.0,3.0,2.0,0.0,12,7,5.0,3.0,381,186,3.0,1.0,0.671957671957672,0.328042328042328,0.8678815489749431,0.7560975609756098,0.6666666666666666,0.5,0.4166666666666667,0.42857142857142855,1
2500804,3782,3766,France,5.0,2.0,1.0,0.0,1.0,2.0,0.0,3.0,13,13,2.0,10.0,280,432,0.0,5.0,0.39325842696629215,0.6067415730337079,0.8187134502923976,0.879837067209776,0.5,1.0,0.15384615384615385,0.7692307692307693,0
2500797,3771,3783,France,2.0,8.0,0.0,0.0,0.0,0.0,1.0,0.0,28,9,12.0,2.0,480,145,5.0,0.0,0.768,0.232,0.8695652173913043,0.69377990430622,1.0,0.6153846153846154,0.42857142857142855,0.2222222222222222,1
2500798,3777,3776,France,4.0,6.0,0.0,0.0,3.0,2.0,0.0,0.0,16,14,5.0,7.0,191,382,0.0,3.0,0.3333333333333333,0.6666666666666666,0.7490196078431373,0.854586129753915,0.5714285714285714,1.0,0.3125,0.5,0
2500802,3775,3804,France,5.0,4.0,1.0,0.0,1.0,1.0,0.0,0.0,11,13,5.0,5.0,395,371,1.0,0.0,0.5156657963446475,0.48433420365535246,0.836864406779661,0.8171806167400881,1.0,0.8,0.45454545454545453,0.38461538461538464,1
2500799,19830,3785,France,3.0,3.0,0.0,0.0,1.0,1.0,5.0,0.0,17,10,9.0,3.0,363,349,6.0,0.0,0.5098314606741573,0.4901685393258427,0.8622327790973872,0.8512195121951219,1.0,0.3333333333333333,0.5294117647058824,0.3,1
2500800,3787,3789,France,0.0,2.0,0.0,0.0,2.0,1.0,1.0,0.0,9,12,3.0,1.0,398,390,1.0,1.0,0.5050761421319797,0.4949238578680203,0.8326359832635983,0.8552631578947368,0.0,0.6666666666666666,0.3333333333333333,0.08333333333333333,0
2500801,3770,3780,France,2.0,4.0,0.0,0.0,2.0,4.0,1.0,1.0,10,10,5.0,3.0,193,327,2.0,1.0,0.37115384615384617,0.6288461538461538,0.6795774647887324,0.7860576923076923,0.6666666666666666,0.6666666666666666,0.5,0.3,1
2500805,3795,3779,France,2.0,3.0,0.0,1.0,3.0,1.0,3.0,0.0,13,9,6.0,2.0,365,361,3.0,0.0,0.5027548209366391,0.4972451790633609,0.8488372093023255,0.8356481481481481,1.0,0.5,0.46153846153846156,0.2222222222222222,1
2500796,3799,3767,France,2.0,3.0,0.0,0.0,1.0,3.0,0.0,5.0,9,14,3.0,7.0,287,676,0.0,5.0,0.2980269989615784,0.7019730010384216,0.8516320474777448,0.9184782608695652,0.2857142857142857,1.0,0.3333333333333333,0.5,0
2500803,3774,3772,France,0.0,2.0,0.0,0.0,2.0,5.0,0.0,0.0,4,6,1.0,0.0,286,361,1.0,0.0,0.4420401854714065,0.5579598145285936,0.8033707865168539,0.8317972350230415,0.0,0.6666666666666666,0.25,0.0,1
2500790,3776,3771,France,2.0,7.0,0.0,0.0,2.0,3.0,0.0,1.0,16,9,7.0,3.0,348,162,0.0,1.0,0.6823529411764706,0.3176470588235294,0.8111888111888111,0.72,0.6666666666666666,1.0,0.4375,0.3333333333333333,0
2500795,3780,3782,France,2.0,4.0,0.0,0.0,2.0,3.0,0.0,0.0,11,4,4.0,2.0,286,255,0.0,0.0,0.5286506469500925,0.4713493530499076,0.8011204481792717,0.7634730538922155,1.0,1.0,0.36363636363636365,0.5,0
2500791,3766,3777,France,4.0,3.0,0.0,0.0,0.0,3.0,2.0,0.0,11,5,4.0,4.0,488,444,2.0,0.0,0.5236051502145923,0.47639484978540775,0.8937728937728938,0.8862275449101796,1.0,0.6,0.36363636363636365,0.8,1
2500787,3783,3795,France,3.0,3.0,0.0,0.0,1.0,3.0,1.0,0.0,16,8,3.0,3.0,280,260,1.0,0.0,0.5185185185185185,0.48148148148148145,0.7843137254901961,0.7344632768361582,1.0,0.75,0.1875,0.375,1
2500788,3804,3770,France,0.0,0.0,0.0,0.0,3.0,2.0,1.0,0.0,6,12,1.0,0.0,313,296,1.0,0.0,0.5139573070607554,0.4860426929392447,0.8005115089514067,0.8,0.0,0.0,0.16666666666666666,0.0,1
2500789,3785,3789,France,1.0,4.0,0.0,1.0,1.0,5.0,1.0,1.0,12,7,5.0,2.0,418,160,1.0,1.0,0.7231833910034602,0.2768166089965398,0.8393574297188755,0.7407407407407407,0.5,0.8,0.4166666666666667,0.2857142857142857,0
2500792,3787,3774,France,1.0,3.0,0.0,0.0,4.0,2.0,0.0,1.0,9,5,3.0,2.0,296,497,0.0,1.0,0.37326607818411095,0.626733921815889,0.7872340425531915,0.8843416370106761,0.5,1.0,0.3333333333333333,0.4,0
2500794,3779,3799,France,0.0,4.0,0.0,0.0,3.0,2.0,1.0,1.0,14,5,6.0,2.0,355,276,2.0,2.0,0.5625990491283677,0.43740095087163233,0.857487922705314,0.8070175438596491,0.0,0.6666666666666666,0.42857142857142855,0.4,0
2500786,3772,19830,France,4.0,4.0,0.0,0.0,2.0,0.0,0.0,1.0,10,11,4.0,6.0,346,282,0.0,2.0,0.5509554140127388,0.44904458598726116,0.8160377358490566,0.8057142857142857,0.6666666666666666,1.0,0.4,0.5454545454545454,0
2500793,3767,3775,France,1.0,6.0,0.0,0.0,0.0,0.0,2.0,0.0,15,8,8.0,1.0,724,347,3.0,0.0,0.6760037348272643,0.3239962651727358,0.8960396039603961,0.8784810126582279,1.0,0.6666666666666666,0.5333333333333333,0.125,1
2500778,3771,3767,France,1.0,1.0,0.0,1.0,4.0,3.0,1.0,1.0,11,7,3.0,3.0,198,478,2.0,2.0,0.29289940828402367,0.7071005917159763,0.8081632653061225,0.8884758364312267,0.3333333333333333,0.3333333333333333,0.2727272727272727,0.42857142857142855,0
2500785,3795,3766,France,5.0,3.0,1.0,0.0,2.0,2.0,0.0,1.0,8,14,3.0,10.0,317,484,0.0,5.0,0.39575530586766544,0.6042446941323346,0.8255208333333334,0.9013035381750466,0.5,1.0,0.375,0.7142857142857143,0
2500782,3775,3779,France,3.0,8.0,0.0,1.0,0.0,1.0,0.0,2.0,14,15,9.0,5.0,508,276,1.0,2.0,0.6479591836734694,0.3520408163265306,0.900709219858156,0.8571428571428571,0.6,0.8888888888888888,0.6428571428571429,0.3333333333333333,0
2500776,3789,3772,France,4.0,3.0,0.0,0.0,3.0,1.0,1.0,0.0,12,14,4.0,4.0,272,441,1.0,0.0,0.3814866760168303,0.6185133239831697,0.8023598820058997,0.8352272727272727,1.0,0.75,0.3333333333333333,0.2857142857142857,1
2500777,3799,3780,France,0.0,5.0,0.0,0.0,2.0,4.0,0.0,1.0,13,3,4.0,1.0,281,320,0.0,1.0,0.46755407653910147,0.5324459234608985,0.7574123989218329,0.8142493638676844,0.0,1.0,0.3076923076923077,0.3333333333333333,0
2500779,3777,3804,France,4.0,4.0,1.0,0.0,1.0,2.0,1.0,1.0,15,8,5.0,6.0,321,320,1.0,2.0,0.500780031201248,0.49921996879875197,0.8403141361256544,0.8268733850129198,0.6666666666666666,0.8,0.3333333333333333,0.75,0
2500781,3770,3785,France,3.0,1.0,0.0,0.0,3.0,1.0,1.0,1.0,9,10,3.0,4.0,303,394,2.0,1.0,0.4347202295552367,0.5652797704447633,0.7749360613810742,0.8008130081300813,0.75,0.3333333333333333,0.3333333333333333,0.4,1
2500783,3774,3776,France,2.0,5.0,0.0,1.0,1.0,2.0,1.0,0.0,9,6,6.0,1.0,207,415,1.0,0.0,0.3327974276527331,0.6672025723472669,0.7610294117647058,0.8027079303675049,1.0,0.8333333333333334,0.6666666666666666,0.16666666666666666,1
2500780,19830,3783,France,1.0,5.0,0.0,0.0,3.0,2.0,1.0,0.0,14,7,6.0,1.0,239,259,2.0,0.0,0.4799196787148594,0.5200803212851406,0.7635782747603834,0.7662721893491125,1.0,0.7142857142857143,0.42857142857142855,0.14285714285714285,1
2500784,3782,3787,France,4.0,3.0,0.0,0.0,2.0,3.0,0.0,0.0,20,12,2.0,5.0,359,265,0.0,1.0,0.5753205128205128,0.42467948717948717,0.825287356321839,0.8803986710963455,0.8,1.0,0.1,0.4166666666666667,0
2500774,3779,3771,France,5.0,6.0,0.0,0.0,3.0,3.0,1.0,1.0,18,18,9.0,7.0,335,300,3.0,3.0,0.5275590551181102,0.47244094488188976,0.8459595959595959,0.8287292817679558,0.625,0.6666666666666666,0.5,0.3888888888888889,0
2500772,3787,3775,France,8.0,2.0,0.0,0.0,3.0,1.0,0.0,0.0,14,15,4.0,8.0,251,523,2.0,0.0,0.3242894056847545,0.6757105943152455,0.8256578947368421,0.9111498257839721,1.0,0.5,0.2857142857142857,0.5333333333333333,1
2500766,3772,3770,France,3.0,2.0,0.0,0.0,3.0,2.0,1.0,0.0,13,14,3.0,4.0,334,247,1.0,1.0,0.5748709122203098,0.42512908777969016,0.8028846153846154,0.801948051948052,0.75,0.6666666666666666,0.23076923076923078,0.2857142857142857,0
2500767,3783,3799,France,2.0,5.0,0.0,0.0,1.0,4.0,0.0,1.0,21,11,5.0,4.0,222,279,0.0,2.0,0.4431137724550898,0.5568862275449101,0.757679180887372,0.7994269340974212,0.5,1.0,0.23809523809523808,0.36363636363636365,0
2500769,3785,3774,France,1.0,7.0,0.0,1.0,3.0,5.0,1.0,0.0,16,10,9.0,1.0,227,245,2.0,0.0,0.4809322033898305,0.5190677966101694,0.7275641025641025,0.7877813504823151,1.0,0.7777777777777778,0.5625,0.1,1
2500770,3776,3795,France,0.0,4.0,1.0,0.0,1.0,2.0,2.0,1.0,16,10,6.0,2.0,572,178,2.0,2.0,0.7626666666666667,0.23733333333333334,0.8923556942277691,0.7478991596638656,0.0,0.6666666666666666,0.375,0.2,0
2500773,3782,3777,France,1.0,3.0,0.0,0.0,2.0,1.0,1.0,1.0,20,10,4.0,2.0,443,158,3.0,1.0,0.7371048252911814,0.2628951747088186,0.8519230769230769,0.728110599078341,0.5,0.5,0.2,0.2,1
2500775,3780,3789,France,2.0,5.0,0.0,1.0,1.0,5.0,1.0,0.0,16,7,6.0,2.0,412,316,1.0,0.0,0.5659340659340659,0.4340659340659341,0.8512396694214877,0.8,1.0,0.8333333333333334,0.375,0.2857142857142857,1
2500768,3804,3767,France,6.0,5.0,0.0,0.0,3.0,4.0,0.0,1.0,12,17,5.0,8.0,211,477,1.0,2.0,0.3066860465116279,0.6933139534883721,0.7700729927007299,0.8563734290843806,0.75,0.8333333333333334,0.4166666666666667,0.47058823529411764,0
2500771,3766,19830,France,5.0,6.0,0.0,0.0,4.0,1.0,2.0,1.0,20,15,7.0,7.0,411,219,3.0,2.0,0.6523809523809524,0.3476190476190476,0.8876889848812095,0.7963636363636364,0.7142857142857143,0.6666666666666666,0.35,0.4666666666666667,1
2500762,3775,3771,France,6.0,10.0,0.0,1.0,2.0,3.0,1.0,0.0,17,17,9.0,9.0,447,236,2.0,4.0,0.6544655929721815,0.34553440702781846,0.8957915831663327,0.8398576512455516,0.6,0.8333333333333334,0.5294117647058824,0.5294117647058824,0
2500757,3799,3766,France,3.0,3.0,0.0,1.0,2.0,3.0,2.0,2.0,15,13,4.0,6.0,438,279,3.0,3.0,0.6108786610878661,0.3891213389121339,0.8521400778210116,0.8611111111111112,0.5,0.5,0.26666666666666666,0.46153846153846156,0
2500765,3795,3782,France,3.0,5.0,1.0,1.0,3.0,1.0,1.0,1.0,9,12,7.0,3.0,146,451,2.0,1.0,0.24455611390284757,0.7554438860971524,0.7604166666666666,0.8429906542056075,0.75,0.7142857142857143,0.7777777777777778,0.25,1
2500758,3804,3779,France,0.0,4.0,1.0,0.0,0.0,2.0,1.0,0.0,12,5,5.0,1.0,325,263,1.0,1.0,0.5527210884353742,0.44727891156462585,0.8269720101781171,0.7921686746987951,0.0,0.8,0.4166666666666667,0.2,0
2500759,3785,3780,France,1.0,4.0,0.0,0.0,1.0,2.0,1.0,1.0,6,10,5.0,2.0,253,336,1.0,1.0,0.4295415959252971,0.5704584040747029,0.7784615384615384,0.8135593220338984,0.5,0.8,0.8333333333333334,0.2,0
2500761,3770,3777,France,1.0,6.0,0.0,1.0,2.0,4.0,0.0,0.0,14,9,7.0,1.0,410,342,1.0,0.0,0.5452127659574468,0.45478723404255317,0.8649789029535865,0.8444444444444444,1.0,0.8571428571428571,0.5,0.1111111111111111,1
2500764,3774,3783,France,3.0,4.0,0.0,0.0,4.0,1.0,0.0,0.0,9,10,2.0,3.0,391,201,0.0,1.0,0.660472972972973,0.33952702702702703,0.8426724137931034,0.7701149425287356,0.75,1.0,0.2222222222222222,0.3,0
2500763,3767,3772,France,4.0,3.0,0.0,0.0,1.0,2.0,4.0,1.0,11,15,9.0,6.0,588,395,6.0,2.0,0.5981688708036622,0.40183112919633773,0.91875,0.8738938053097345,0.6666666666666666,0.3333333333333333,0.8181818181818182,0.4,1
2500760,19830,3787,France,2.0,0.0,0.0,0.0,3.0,1.0,1.0,1.0,8,13,1.0,3.0,347,312,1.0,1.0,0.5265553869499241,0.47344461305007585,0.8242280285035629,0.8125,0.6666666666666666,0.0,0.125,0.23076923076923078,0
2500750,3771,3780,France,2.0,4.0,0.0,0.0,2.0,0.0,2.0,0.0,23,7,6.0,2.0,540,268,2.0,0.0,0.6683168316831684,0.3316831683168317,0.8940397350993378,0.8145896656534954,1.0,0.6666666666666666,0.2608695652173913,0.2857142857142857,1
2500755,3779,3770,France,2.0,5.0,0.0,0.0,1.0,1.0,1.0,0.0,20,11,5.0,4.0,496,183,1.0,2.0,0.7304860088365243,0.2695139911634757,0.8478632478632478,0.7011494252873564,0.5,0.8333333333333334,0.25,0.36363636363636365,0
2500754,3782,3774,France,2.0,3.0,1.0,0.0,3.0,3.0,1.0,0.0,10,8,4.0,3.0,303,232,2.0,2.0,0.5663551401869159,0.4336448598130841,0.7613065326633166,0.7532467532467533,0.5,0.6,0.4,0.375,0
2500746,3772,3785,France,3.0,5.0,0.0,0.0,4.0,2.0,2.0,1.0,22,8,7.0,2.0,410,298,3.0,1.0,0.5790960451977402,0.4209039548022599,0.8668076109936576,0.8441926345609065,0.75,0.625,0.3181818181818182,0.25,1
2500747,3783,3789,France,0.0,7.0,0.0,0.0,1.0,2.0,0.0,0.0,16,2,5.0,0.0,298,238,1.0,0.0,0.5559701492537313,0.44402985074626866,0.7563451776649747,0.7147147147147147,0.0,0.875,0.3125,0.0,1
2500749,3766,3804,France,2.0,3.0,0.0,0.0,1.0,5.0,1.0,2.0,20,8,6.0,4.0,380,246,3.0,3.0,0.6070287539936102,0.3929712460063898,0.8539325842696629,0.8092105263157895,0.3333333333333333,0.5,0.3,0.5,0
2500751,3777,3795,France,2.0,7.0,0.0,1.0,3.0,3.0,0.0,1.0,13,8,7.0,3.0,475,281,0.0,1.0,0.6283068783068783,0.3716931216931217,0.8392226148409894,0.8313609467455622,0.6666666666666666,1.0,0.5384615384615384,0.375,0
2500752,3787,3767,France,1.0,2.0,0.0,0.0,2.0,2.0,0.0,0.0,4,8,2.0,1.0,169,589,0.0,0.0,0.22295514511873352,0.7770448548812665,0.7544642857142857,0.9061538461538462,1.0,1.0,0.5,0.125,0
2500748,3776,19830,France,3.0,2.0,0.0,0.0,1.0,2.0,0.0,1.0,11,12,2.0,7.0,470,252,0.0,4.0,0.6509695290858726,0.3490304709141274,0.8639705882352942,0.8,0.42857142857142855,1.0,0.18181818181818182,0.5833333333333334,0
2500753,3775,3799,France,4.0,2.0,0.0,0.0,4.0,2.0,0.0,2.0,12,15,3.0,6.0,541,257,2.0,2.0,0.6779448621553885,0.32205513784461154,0.8883415435139573,0.8081761006289309,0.6666666666666666,0.5,0.25,0.4,0
2500742,3767,3766,France,5.0,6.0,0.0,0.0,3.0,2.0,0.0,0.0,12,12,4.0,5.0,599,240,2.0,0.0,0.7139451728247914,0.2860548271752086,0.8913690476190477,0.8633093525179856,1.0,0.75,0.3333333333333333,0.4166666666666667,1
2500737,3799,3777,France,4.0,6.0,0.0,0.0,1.0,3.0,0.0,1.0,14,9,5.0,4.0,355,319,0.0,1.0,0.526706231454006,0.4732937685459941,0.8492822966507177,0.8242894056847545,0.8,1.0,0.35714285714285715,0.4444444444444444,0
2500743,3774,3775,France,2.0,4.0,0.0,0.0,1.0,5.0,0.0,1.0,15,6,3.0,3.0,415,413,0.0,1.0,0.501207729468599,0.49879227053140096,0.8627858627858628,0.8428571428571429,0.6666666666666666,1.0,0.2,0.5,0
2500736,3789,3771,France,4.0,3.0,0.0,0.0,2.0,3.0,0.0,2.0,7,19,2.0,6.0,253,313,0.0,2.0,0.4469964664310954,0.5530035335689046,0.7597597597597597,0.8151041666666666,0.6666666666666666,1.0,0.2857142857142857,0.3157894736842105,0
2500738,3804,3782,France,5.0,7.0,0.0,0.0,3.0,3.0,0.0,0.0,18,17,7.0,6.0,324,305,0.0,1.0,0.5151033386327504,0.4848966613672496,0.826530612244898,0.8472222222222222,0.8333333333333334,1.0,0.3888888888888889,0.35294117647058826,0
2500739,3785,3776,France,5.0,3.0,0.0,0.0,1.0,1.0,0.0,0.0,16,9,4.0,5.0,297,410,1.0,0.0,0.4200848656294201,0.57991513437058,0.7983870967741935,0.8249496981891348,1.0,0.75,0.25,0.5555555555555556,1
2500741,3770,3783,France,1.0,3.0,0.0,0.0,0.0,2.0,0.0,0.0,8,9,4.0,1.0,301,396,1.0,0.0,0.43185078909612623,0.5681492109038737,0.7921052631578948,0.8336842105263158,1.0,0.75,0.5,0.1111111111111111,1
2500745,3795,3787,France,2.0,0.0,1.0,0.0,5.0,3.0,0.0,1.0,7,7,0.0,3.0,368,406,0.0,1.0,0.4754521963824289,0.524547803617571,0.8034934497816594,0.8529411764705882,0.6666666666666666,0.0,0.0,0.42857142857142855,0
2500740,19830,3779,France,2.0,2.0,0.0,0.0,2.0,2.0,2.0,0.0,14,10,5.0,1.0,413,238,3.0,0.0,0.6344086021505376,0.3655913978494624,0.8480492813141683,0.7555555555555555,1.0,0.4,0.35714285714285715,0.1,1
2500744,3780,3772,France,3.0,5.0,0.0,0.0,2.0,1.0,0.0,1.0,14,14,5.0,4.0,312,382,0.0,1.0,0.4495677233429395,0.5504322766570605,0.8041237113402062,0.8232758620689655,0.75,1.0,0.35714285714285715,0.2857142857142857,0
2500729,3771,3774,France,1.0,3.0,0.0,0.0,6.0,1.0,1.0,2.0,10,16,4.0,4.0,446,194,1.0,3.0,0.696875,0.303125,0.859344894026975,0.7886178861788617,0.25,0.75,0.4,0.25,0
2500728,3766,3785,France,4.0,2.0,0.0,0.0,2.0,2.0,0.0,1.0,11,12,4.0,5.0,316,235,2.0,1.0,0.573502722323049,0.426497277676951,0.8186528497409327,0.7730263157894737,0.8,0.5,0.36363636363636365,0.4166666666666667,1
2500733,3782,3799,France,4.0,4.0,1.0,1.0,3.0,2.0,1.0,0.0,9,13,5.0,5.0,408,365,1.0,1.0,0.5278137128072445,0.4721862871927555,0.8736616702355461,0.8608490566037735,0.8,0.8,0.5555555555555556,0.38461538461538464,0
2500726,3783,3804,France,3.0,1.0,1.0,0.0,1.0,2.0,0.0,1.0,12,9,2.0,4.0,323,313,2.0,1.0,0.5078616352201258,0.4921383647798742,0.7839805825242718,0.8236842105263158,0.75,0.3333333333333333,0.16666666666666666,0.4444444444444444,1
2500731,3787,3770,France,3.0,3.0,1.0,0.0,1.0,2.0,0.0,0.0,11,11,3.0,4.0,397,241,0.0,1.0,0.622257053291536,0.3777429467084639,0.802020202020202,0.7438271604938271,0.75,1.0,0.2727272727272727,0.36363636363636365,0
2500734,3779,3789,France,2.0,3.0,1.0,0.0,3.0,3.0,0.0,0.0,9,7,3.0,3.0,376,232,0.0,1.0,0.618421052631579,0.3815789473684211,0.8156182212581344,0.7365079365079366,0.6666666666666666,1.0,0.3333333333333333,0.42857142857142855,0
2500735,3795,3780,France,0.0,3.0,0.0,0.0,2.0,3.0,0.0,0.0,12,6,3.0,0.0,327,370,0.0,0.0,0.46915351506456243,0.5308464849354376,0.8406169665809768,0.8390022675736961,0.0,1.0,0.25,0.0,0
2500732,3775,19830,France,1.0,1.0,0.0,0.0,2.0,2.0,2.0,0.0,8,9,5.0,1.0,312,372,4.0,0.0,0.45614035087719296,0.543859649122807,0.8524590163934426,0.8532110091743119,1.0,0.2,0.625,0.1111111111111111,1
2500730,3777,3767,France,7.0,0.0,1.0,0.0,0.0,1.0,1.0,3.0,7,22,1.0,12.0,184,592,1.0,5.0,0.23711340206185566,0.7628865979381443,0.7796610169491526,0.9038167938931297,0.5833333333333334,0.0,0.14285714285714285,0.5454545454545454,0
2500727,3776,3772,France,1.0,3.0,1.0,0.0,4.0,4.0,0.0,0.0,8,17,2.0,1.0,295,472,0.0,0.0,0.38461538461538464,0.6153846153846154,0.8286516853932584,0.8660550458715597,1.0,1.0,0.25,0.058823529411764705,0
2500722,19830,3771,France,3.0,2.0,0.0,0.0,2.0,3.0,3.0,1.0,14,10,7.0,3.0,321,362,6.0,1.0,0.4699853587115666,0.5300146412884333,0.8818681318681318,0.8598574821852731,0.75,0.25,0.5,0.3,1
2500717,3799,3776,France,2.0,1.0,0.0,0.0,2.0,5.0,1.0,0.0,12,13,2.0,3.0,253,350,1.0,1.0,0.41956882255389716,0.5804311774461028,0.7857142857142857,0.8177570093457944,0.6666666666666666,0.5,0.16666666666666666,0.23076923076923078,0
2500721,3785,3779,France,4.0,5.0,0.0,0.0,1.0,2.0,2.0,0.0,14,17,6.0,4.0,267,318,2.0,0.0,0.4564102564102564,0.5435897435897435,0.8066465256797583,0.8324607329842932,1.0,0.7142857142857143,0.42857142857142855,0.23529411764705882,1
2500716,3789,3775,France,3.0,2.0,0.0,0.0,3.0,3.0,2.0,0.0,12,11,4.0,3.0,235,525,3.0,0.0,0.3092105263157895,0.6907894736842105,0.7704918032786885,0.8592471358428805,1.0,0.4,0.3333333333333333,0.2727272727272727,1
2500718,3772,3795,France,1.0,7.0,0.0,0.0,0.0,1.0,1.0,1.0,13,5,9.0,2.0,449,337,2.0,1.0,0.5712468193384224,0.4287531806615776,0.8552380952380952,0.8383084577114428,0.5,0.7777777777777778,0.6923076923076923,0.4,1
2500719,3783,3777,France,2.0,4.0,0.0,0.0,2.0,2.0,1.0,0.0,17,10,5.0,2.0,343,291,1.0,0.0,0.5410094637223974,0.4589905362776025,0.8285024154589372,0.7994505494505495,1.0,0.8,0.29411764705882354,0.2,1
2500720,3804,3787,France,1.0,0.0,0.0,0.0,2.0,2.0,1.0,1.0,6,11,2.0,2.0,321,341,2.0,1.0,0.48489425981873113,0.5151057401812689,0.816793893129771,0.8236714975845411,0.5,0.0,0.3333333333333333,0.18181818181818182,1
2500725,3780,3774,France,1.0,5.0,0.0,0.0,4.0,4.0,1.0,2.0,11,13,7.0,3.0,185,288,3.0,2.0,0.39112050739957716,0.6088794926004228,0.7283464566929134,0.8158640226628895,0.3333333333333333,0.625,0.6363636363636364,0.23076923076923078,1
2500723,3770,3766,France,3.0,1.0,0.0,0.0,1.0,1.0,0.0,0.0,5,16,1.0,3.0,288,511,0.0,0.0,0.360450563204005,0.639549436795995,0.8181818181818182,0.8871527777777778,1.0,1.0,0.2,0.1875,0
2500724,3767,3782,France,2.0,1.0,0.0,0.0,2.0,3.0,2.0,0.0,14,11,4.0,2.0,499,283,3.0,0.0,0.6381074168797954,0.3618925831202046,0.8831858407079646,0.8323529411764706,1.0,0.25,0.2857142857142857,0.18181818181818182,1
2500712,3767,3780,France,0.0,9.0,1.0,0.0,2.0,4.0,2.0,2.0,23,7,14.0,1.0,537,159,6.0,2.0,0.771551724137931,0.22844827586206898,0.8605769230769231,0.75,0.0,0.6,0.6086956521739131,0.14285714285714285,1
2500708,3771,3799,France,4.0,1.0,1.0,0.0,3.0,2.0,0.0,1.0,9,12,2.0,5.0,428,258,1.0,1.0,0.6239067055393586,0.3760932944606414,0.8441814595660749,0.8376623376623377,0.8,0.5,0.2222222222222222,0.4166666666666667,0
2500706,3776,3783,France,1.0,4.0,0.0,0.0,2.0,2.0,0.0,2.0,15,11,4.0,3.0,408,187,0.0,2.0,0.6857142857142857,0.3142857142857143,0.7891682785299806,0.7362204724409449,0.3333333333333333,1.0,0.26666666666666666,0.2727272727272727,0
2500710,3787,3779,France,0.0,5.0,0.0,0.0,2.0,3.0,1.0,1.0,15,7,6.0,1.0,366,321,1.0,1.0,0.5327510917030568,0.4672489082969432,0.8026315789473685,0.8209718670076727,0.0,0.8333333333333334,0.4,0.14285714285714285,0
2500711,3775,3785,France,1.0,6.0,0.0,0.0,2.0,2.0,2.0,0.0,14,13,8.0,1.0,541,409,2.0,0.0,0.5694736842105264,0.4305263157894737,0.9153976311336718,0.8852813852813853,1.0,0.75,0.5714285714285714,0.07692307692307693,1
2500713,3774,3804,France,3.0,5.0,0.0,0.0,2.0,4.0,2.0,0.0,14,12,7.0,4.0,251,445,2.0,2.0,0.36063218390804597,0.639367816091954,0.7606060606060606,0.839622641509434,0.6,0.7142857142857143,0.5,0.3333333333333333,0
2500714,3782,3789,France,1.0,1.0,0.0,0.0,2.0,2.0,0.0,0.0,12,15,4.0,1.0,318,350,3.0,0.0,0.47604790419161674,0.5239520958083832,0.8091603053435115,0.8177570093457944,1.0,0.25,0.3333333333333333,0.06666666666666667,1
2500715,3795,3770,France,4.0,2.0,0.0,1.0,1.0,0.0,0.0,1.0,8,8,2.0,5.0,527,222,0.0,1.0,0.7036048064085447,0.2963951935914553,0.85,0.69375,0.8,1.0,0.25,0.625,0
2500707,3766,3772,France,3.0,2.0,1.0,0.0,4.0,2.0,1.0,2.0,8,16,5.0,6.0,256,399,3.0,3.0,0.39083969465648855,0.6091603053435114,0.8258064516129032,0.8580645161290322,0.5,0.4,0.625,0.375,0
2500709,3777,19830,France,4.0,5.0,0.0,0.0,2.0,1.0,0.0,1.0,10,22,5.0,5.0,277,401,0.0,1.0,0.4085545722713864,0.5914454277286135,0.7869318181818182,0.837160751565762,0.8,1.0,0.5,0.22727272727272727,0
2500700,3785,3767,France,6.0,1.0,0.0,0.0,2.0,2.0,0.0,2.0,4,20,1.0,8.0,191,706,0.0,3.0,0.2129319955406912,0.7870680044593088,0.7519685039370079,0.9074550128534704,0.6666666666666666,1.0,0.25,0.4,0
2500699,3804,19830,France,2.0,2.0,0.0,0.0,0.0,2.0,1.0,4.0,14,15,3.0,6.0,297,338,1.0,4.0,0.46771653543307085,0.5322834645669291,0.8092643051771117,0.8387096774193549,0.3333333333333333,0.6666666666666666,0.21428571428571427,0.4,0
2500704,3779,3776,France,3.0,6.0,0.0,1.0,1.0,2.0,1.0,0.0,19,11,9.0,3.0,242,301,3.0,0.0,0.44567219152854515,0.5543278084714549,0.7986798679867987,0.8314917127071824,1.0,0.6666666666666666,0.47368421052631576,0.2727272727272727,1
2500696,3789,3799,France,4.0,2.0,0.0,0.0,3.0,2.0,0.0,1.0,9,13,2.0,6.0,415,271,0.0,2.0,0.6049562682215743,0.39504373177842567,0.8250497017892644,0.7923976608187134,0.6666666666666666,1.0,0.2222222222222222,0.46153846153846156,0
2500697,3772,3777,France,1.0,4.0,0.0,0.0,1.0,2.0,2.0,0.0,10,8,6.0,1.0,427,407,2.0,0.0,0.511990407673861,0.4880095923261391,0.875,0.888646288209607,1.0,0.6666666666666666,0.6,0.125,1
2500698,3783,3782,France,2.0,5.0,0.0,0.0,1.0,1.0,0.0,1.0,11,5,5.0,3.0,244,306,0.0,1.0,0.44363636363636366,0.5563636363636364,0.7721518987341772,0.8225806451612904,0.6666666666666666,1.0,0.45454545454545453,0.6,0
2500705,3780,3787,France,1.0,3.0,0.0,0.0,4.0,3.0,0.0,0.0,9,11,4.0,1.0,222,273,1.0,0.0,0.4484848484848485,0.5515151515151515,0.757679180887372,0.7867435158501441,1.0,0.75,0.4444444444444444,0.09090909090909091,1
2500701,3770,3771,France,9.0,3.0,0.0,0.0,1.0,3.0,0.0,0.0,14,11,3.0,8.0,185,375,0.0,1.0,0.33035714285714285,0.6696428571428571,0.7489878542510121,0.8522727272727273,0.9,1.0,0.21428571428571427,0.7272727272727273,0
2500703,3774,3766,France,5.0,4.0,0.0,0.0,1.0,3.0,0.0,1.0,13,14,5.0,7.0,323,322,1.0,2.0,0.5007751937984496,0.4992248062015504,0.8389610389610389,0.8277634961439588,0.7142857142857143,0.8,0.38461538461538464,0.5,0
2500702,3775,3795,France,2.0,5.0,0.0,0.0,2.0,3.0,0.0,2.0,18,10,6.0,4.0,653,223,1.0,2.0,0.7454337899543378,0.2545662100456621,0.8982118294360385,0.7384105960264901,0.5,0.8333333333333334,0.3333333333333333,0.4,0
2500689,3771,3804,France,2.0,3.0,0.0,0.0,1.0,0.0,1.0,0.0,18,11,6.0,1.0,383,328,3.0,0.0,0.5386779184247539,0.4613220815752461,0.8704545454545455,0.870026525198939,1.0,0.5,0.3333333333333333,0.09090909090909091,1
2500686,3799,3772,France,1.0,4.0,0.0,0.0,3.0,2.0,0.0,2.0,10,6,5.0,3.0,300,378,2.0,2.0,0.4424778761061947,0.5575221238938053,0.8152173913043478,0.8307692307692308,0.3333333333333333,0.6666666666666666,0.5,0.5,0
2500687,3776,3770,France,3.0,2.0,0.0,0.0,2.0,3.0,1.0,0.0,14,8,5.0,3.0,377,228,3.0,0.0,0.6231404958677685,0.3768595041322314,0.8213507625272332,0.7972027972027972,1.0,0.4,0.35714285714285715,0.375,1
2500688,3766,3779,France,1.0,4.0,0.0,0.0,2.0,3.0,2.0,0.0,13,6,7.0,1.0,446,256,4.0,0.0,0.6353276353276354,0.3646723646723647,0.87279843444227,0.8126984126984127,1.0,0.5,0.5384615384615384,0.16666666666666666,1
2500690,3777,3785,France,2.0,3.0,0.0,0.0,1.0,2.0,1.0,2.0,6,10,4.0,5.0,445,324,1.0,3.0,0.5786736020806242,0.4213263979193758,0.8428030303030303,0.8181818181818182,0.4,0.75,0.6666666666666666,0.5,0
2500692,3787,3783,France,1.0,1.0,0.0,0.0,2.0,1.0,1.0,0.0,9,8,2.0,1.0,317,300,1.0,0.0,0.513776337115073,0.4862236628849271,0.7769607843137255,0.783289817232376,1.0,0.5,0.2222222222222222,0.125,1
2500694,3782,3775,France,2.0,4.0,0.0,0.0,2.0,1.0,1.0,0.0,8,6,4.0,2.0,376,582,1.0,0.0,0.3924843423799583,0.6075156576200418,0.864367816091954,0.9107981220657277,1.0,0.8,0.5,0.3333333333333333,1
2500695,3795,3774,France,3.0,3.0,0.0,0.0,1.0,0.0,0.0,1.0,12,16,4.0,4.0,204,415,1.0,1.0,0.3295638126009693,0.6704361873990307,0.7338129496402878,0.8234126984126984,0.75,0.75,0.3333333333333333,0.25,0
2500693,3767,3789,France,1.0,3.0,0.0,0.0,0.0,1.0,1.0,0.0,16,6,5.0,1.0,648,259,2.0,0.0,0.7144432194046306,0.2855567805953694,0.8950276243093923,0.7896341463414634,1.0,0.6,0.3125,0.16666666666666666,1
2500691,19830,3780,France,2.0,4.0,0.0,0.0,1.0,3.0,3.0,2.0,15,5,6.0,3.0,390,115,3.0,2.0,0.7722772277227723,0.22772277227722773,0.8351177730192719,0.6764705882352942,0.5,0.5714285714285714,0.4,0.6,1
